PubChem_CID,Compound Name,standardised_smiles,vDILIConcern
34869,amineptine,O=C(O)CCCCCCNC1c2ccccc2CCc2ccccc21,vMost-DILI-Concern
2717,chlormezanone,CN1C(=O)CCS(=O)(=O)C1c1ccc(Cl)cc1,vMost-DILI-Concern
65679,droxicam,CN1c2c(oc(=O)n(-c3ccccn3)c2=O)-c2ccccc2S1(=O)=O,vMost-DILI-Concern
65869,ebrotidine,NC(N)=Nc1nc(CSCCN=CNS(=O)(=O)c2ccc(Br)cc2)cs1,vMost-DILI-Concern
4495,nimesulide,CS(=O)(=O)Nc1ccc([N+](=O)[O-])cc1Oc1ccccc1,vMost-DILI-Concern
5591,troglitazone,Cc1c(C)c2c(c(C)c1O)CCC(C)(COc1ccc(CC3SC(=O)NC3=O)cc1)O2,vMost-DILI-Concern
62959,trovafloxacin,NC1C2CN(c3nc4c(cc3F)c(=O)c(C(=O)O)cn4-c3ccc(F)cc3F)CC12,vMost-DILI-Concern
2081,alaproclate,CC(N)C(=O)OC(C)(C)Cc1ccc(Cl)cc1,vMost-DILI-Concern
3086677,alatrofloxacin mesylate,CC(N)C(=O)NC(C)C(=O)NC1C2CN(c3nc4c(cc3F)c(=O)c(C(=O)O)cn4-c3ccc(F)cc3F)CC21,vMost-DILI-Concern
30951,alclofenac,C=CCOc1ccc(CC(=O)O)cc1Cl,vMost-DILI-Concern
54897,alpidem,CCCN(CCC)C(=O)Cc1c(-c2ccc(Cl)cc2)nc2ccc(Cl)cn12,vMost-DILI-Concern
2313,bendazac,O=C(O)COc1nn(Cc2ccccc2)c2ccccc12,vMost-DILI-Concern
39941,benoxaprofen,CC(C(=O)O)c1ccc2oc(-c3ccc(Cl)cc3)nc2c1,vMost-DILI-Concern
255968,benzarone,CCc1oc2ccccc2c1C(=O)c1ccc(O)cc1,vMost-DILI-Concern
2333,benzbromarone,CCc1oc2ccccc2c1C(=O)c1cc(Br)c(O)c(Br)c1,vMost-DILI-Concern
6237,benziodarone,CCc1oc2ccccc2c1C(=O)c1cc(I)c(O)c(I)c1,vMost-DILI-Concern
60726,bromfenac,Nc1c(CC(=O)O)cccc1C(=O)c1ccc(Br)cc1,vMost-DILI-Concern
8593,cinchophen,O=C(O)c1cc(-c2ccccc2)nc2ccccc12,vMost-DILI-Concern
21382,clomacran,CN(C)CCCC1c2ccccc2Nc2ccc(Cl)cc21,vMost-DILI-Concern
33176,clometacin,COc1ccc2c(C(=O)c3ccc(Cl)cc3)c(C)n(CC(=O)O)c2c1,vMost-DILI-Concern
2898,cyclofenil,CC(=O)Oc1ccc(C(=C2CCCCC2)c2ccc(OC(C)=O)cc2)cc1,vMost-DILI-Concern
40399,exifone,O=C(c1cc(O)c(O)c(O)c1)c1ccc(O)c(O)c1O,vMost-DILI-Concern
28858,fenclozic acid,O=C(O)Cc1csc(-c2ccc(Cl)cc2)n1,vMost-DILI-Concern
3351,fipexide,O=C(COc1ccc(Cl)cc1)N1CCN(Cc2ccc3c(c2)OCO3)CC1,vMost-DILI-Concern
3474,glafenine,O=C(OCC(O)CO)c1ccccc1Nc1ccnc2cc(Cl)ccc12,vMost-DILI-Concern
15250,ibufenac,CC(C)Cc1ccc(CC(=O)O)cc1,vMost-DILI-Concern
3748,iproniazid,CC(C)NNC(=O)c1ccncc1,vMost-DILI-Concern
71169,isaxonine,CC(C)Nc1ncccn1,vMost-DILI-Concern
151166,lumiracoxib,Cc1ccc(Nc2c(F)cccc2Cl)c(CC(=O)O)c1,vMost-DILI-Concern
6179,mebanazine,CC(NN)c1ccccc1,vMost-DILI-Concern
6075,mepazine,CN1CCCC(CN2c3ccccc3Sc3ccccc32)C1,vMost-DILI-Concern
4260,moxisylyte,CC(=O)Oc1cc(C(C)C)c(OCCN(C)C)cc1C,vMost-DILI-Concern
4472,nialamide,O=C(CCNNC(=O)c1ccncc1)NCc1ccccc1,vMost-DILI-Concern
3033952,niperotidine,CN(C)Cc1ccc(CSCCNC(=C[N+](=O)[O-])NCc2ccc3c(c2)OCO3)o1,vMost-DILI-Concern
71900,nitrefazole,Cc1nc([N+](=O)[O-])cn1-c1ccc([N+](=O)[O-])cc1,vMost-DILI-Concern
4528,nomifensine,CN1Cc2c(N)cccc2C(c2ccccc2)C1,vMost-DILI-Concern
8269,oxyphenisatin,CC(=O)Oc1ccc(C2(c3ccc(OC(C)=O)cc3)C(=O)Nc3ccccc32)cc1,vMost-DILI-Concern
4723,pemoline,NC1=NC(=O)C(c2ccccc2)O1,vMost-DILI-Concern
4746,perhexiline,C1CCC(C(CC2CCCCN2)C2CCCCC2)CC1,vMost-DILI-Concern
71467,phenoxypropazine,CC(COc1ccccc1)NN,vMost-DILI-Concern
6761,pipamazine,NC(=O)C1CCN(CCCN2c3ccccc3Sc3ccc(Cl)cc32)CC1,vMost-DILI-Concern
35935,pirprofen,CC(C(=O)O)c1ccc(N2CC=CC2)c(Cl)c1,vMost-DILI-Concern
216235,sitaxsentan,Cc1cc2c(cc1CC(=O)c1sccc1S(=O)(=O)Nc1onc(C)c1Cl)OCO2,vMost-DILI-Concern
5354,sulcotidil,CCCCCCCCNC(C)C(O)c1ccc(SC(C)C)cc1,vMost-DILI-Concern
11033,sulfacarbamide,NC(=O)NS(=O)(=O)c1ccc(N)cc1,vMost-DILI-Concern
5340,sulfathiazole,Nc1ccc(S(=O)(=O)Nc2nccs2)cc1,vMost-DILI-Concern
38409,ticrynafen,O=C(O)COc1ccc(C(=O)c2cccs2)c(Cl)c1Cl,vMost-DILI-Concern
65592,tilbroquinol,Cc1cc(Br)c(O)c2ncccc12,vMost-DILI-Concern
53359,tolrestat,COc1ccc2c(C(=S)N(C)CC(=O)O)cccc2c1C(F)(F)F,vMost-DILI-Concern
29321,triacetyldiphenolisatin,CC(=O)Oc1ccc(C2(c3ccc(OC(C)=O)cc3)C(=O)N(C(C)=O)c3ccccc32)cc1,vMost-DILI-Concern
239062,xenazoic acid,CCOC(Nc1ccc(C(=O)O)cc1)C(=O)c1ccc(-c2ccccc2)cc1,vMost-DILI-Concern
9574101,ximelagatran,CCOC(=O)CNC(C(=O)N1CCC1C(=O)NCc1ccc(C(N)=NO)cc1)C1CCCCC1,vMost-DILI-Concern
41987,zimelidine,CN(C)CC=C(c1ccc(Br)cc1)c1cccnc1,vMost-DILI-Concern
3001322,aplaviroc ,CCCCN1C(=O)C(C(O)C2CCCCC2)NC(=O)C12CCN(Cc1ccc(Oc3ccc(C(=O)O)cc3)cc1)CC2,vMost-DILI-Concern
32756,dermatan,CC(=O)NC1C(O)OC(CO)C(OS(=O)(=O)O)C1OC1OC(C(=O)O)C(O)C(O)C1O,vMost-DILI-Concern
6918508,falnidamol ,CN1CCC(Nc2ncc3ncnc(Nc4ccc(F)c(Cl)c4)c3n2)CC1,vMost-DILI-Concern
50313,fialuridine,O=c1[nH]c(=O)n(C2OC(CO)C(O)C2F)cc1I,vMost-DILI-Concern
172307,fiduxosin ,COc1cccc2c1C1CN(CCCCn3c(=O)[nH]c4c(sc5ncc(-c6ccccc6)nc54)c3=O)CC1CO2,vMost-DILI-Concern
5480200,pafuramidine ,CON=C(N)c1ccc(-c2ccc(-c3ccc(C(N)=NOC)cc3)o2)cc1,vMost-DILI-Concern
153270,pralnacasan ,CCOC1OC(=O)CC1NC(=O)C1CCCN2C(=O)CCC(NC(=O)c3nccc4ccccc34)C(=O)N12,vMost-DILI-Concern
60919,tasosartan,Cc1nc(C)c2c(n1)N(Cc1ccc(-c3ccccc3-c3nn[nH]n3)cc1)C(=O)CC2,vMost-DILI-Concern
6437841,acitretin,COc1cc(C)c(C=CC(C)=CC=CC(C)=CC(=O)O)c(C)c1C,vMost-DILI-Concern
2157,amiodarone,CCCCc1oc2ccccc2c1C(=O)c1cc(I)c(OCCN(CC)CC)c(I)c1,vMost-DILI-Concern
104865,bosentan,COc1ccccc1Oc1c(NS(=O)(=O)c2ccc(C(C)(C)C)cc2)nc(-c2ncccn2)nc1OCCO,vMost-DILI-Concern
6253,cytarabine,Nc1ccn(C2OC(CO)C(O)C2O)c(=O)n1,vMost-DILI-Concern
5351166,dacarbazine,CN(C)NN=C1N=CN=C1C(N)=O,vMost-DILI-Concern
28417,danazol,C#CC1(O)CCC2C3CCC4=Cc5oncc5CC4(C)C3CCC21C,vMost-DILI-Concern
2952,dantrolene,O=C1CN(N=Cc2ccc(-c3ccc([N+](=O)[O-])cc3)o2)C(=O)N1,vMost-DILI-Concern
5493381,deferasirox,O=C1C=CC=CC1=C1NC(=C2C=CC=CC2=O)N(c2ccc(C(=O)O)cc2)N1,vMost-DILI-Concern
3331,felbamate,NC(=O)OCC(COC(N)=O)c1ccccc1,vMost-DILI-Concern
3397,flutamide,CC(C)C(=O)Nc1ccc([N+](=O)[O-])c(C(F)(F)F)c1,vMost-DILI-Concern
3767,isoniazid,NNC(=O)c1ccncc1,vMost-DILI-Concern
47576,ketoconazole,CC(=O)N1CCN(c2ccc(OCC3COC(Cn4ccnc4)(c4ccc(Cl)cc4Cl)O3)cc2)CC1,vMost-DILI-Concern
208908,lapatinib,CS(=O)(=O)CCNCc1ccc(-c2ccc3ncnc(Nc4ccc(OCc5cccc(F)c5)c(Cl)c4)c3c2)o1,vMost-DILI-Concern
3899,leflunomide,Cc1oncc1C(=O)Nc1ccc(C(F)(F)F)cc1,vMost-DILI-Concern
126941,methotrexate,CN(Cc1cnc2nc(N)nc(N)c2n1)c1ccc(C(=O)NC(CCC(=O)O)C(=O)O)cc1,vMost-DILI-Concern
4178,mexiletine,Cc1cccc(C)c1OCC(C)N,vMost-DILI-Concern
4449,nefazodone,CCc1nn(CCCN2CCN(c3cccc(Cl)c3)CC2)c(=O)n1CCOc1ccccc1,vMost-DILI-Concern
4463,nevirapine,Cc1ccnc2c1NC(=O)c1cccnc1N2C1CC1,vMost-DILI-Concern
5878,oxandrolone,CC12COC(=O)CC1CCC1C2CCC2(C)C1CCC2(C)O,vMost-DILI-Concern
9902,oxymetholone,CC12CC(C=O)C(=O)CC1CCC1C2CCC2(C)C1CCC2(C)O,vMost-DILI-Concern
10113978,pazopanib,Cc1ccc(Nc2nccc(N(C)c3ccc4c(C)n(C)nc4c3)n2)cc1S(N)(=O)=O,vMost-DILI-Concern
40926,pentostatin,OCC1OC(n2cnc3c2NC=NCC3O)CC1O,vMost-DILI-Concern
657298,propylthiouracil,CCCc1cc(=O)[nH]c(=S)[nH]1,vMost-DILI-Concern
18283,stavudine,Cc1cn(C2C=CC(CO)O2)c(=O)[nH]c1=O,vMost-DILI-Concern
5329102,sunitinib,CCN(CC)CCNC(=O)c1c(C)[nH]c(C=C2C(=O)Nc3ccc(F)cc32)c1C,vMost-DILI-Concern
4659569,tolcapone,Cc1ccc(C(=O)c2cc(O)c(O)c([N+](=O)[O-])c2)cc1,vMost-DILI-Concern
3121,valproic acid,CCCC(CCC)C(=O)O,vMost-DILI-Concern
35370,zidovudine,Cc1cn(C2CC(N=[N+]=[N-])C(CO)O2)c(=O)[nH]c1=O,vMost-DILI-Concern
9915926,eltrombopag olamine,Cc1ccc(-n2[nH]c(C)c(NN=C3C=CC=C(c4cccc(C(=O)O)c4)C3=O)c2=O)cc1C,vMost-DILI-Concern
3002977,maraviroc,Cc1nnc(C(C)C)n1C1CC2CCC(C1)N2CCC(NC(=O)C1CCC(F)(F)CC1)c1ccccc1,vMost-DILI-Concern
65027,tipranavir,CCCC1(CCc2ccccc2)CC(=O)C(C(CC)c2cccc(NS(=O)(=O)c3ccc(C(F)(F)F)cn3)c2)C(=O)O1,vMost-DILI-Concern
4649,4-aminosalicylic acid,Nc1ccc(C(=O)O)c(O)c1,vMost-DILI-Concern
65140,abacavir,Nc1nc(NC2CC2)c2ncn(C3C=CC(CO)C3)c2n1,vMost-DILI-Concern
441184,acarbose,CC1OC(OC2C(CO)OC(OC3C(CO)OC(O)C(O)C3O)C(O)C2O)C(O)C(O)C1NC1C=C(CO)C(O)C(O)C1O,vMost-DILI-Concern
1983,acetaminophen,CC(=O)Nc1ccc(O)cc1,vMost-DILI-Concern
1986,acetazolamide,CC(=O)Nc1nnc(S(N)(=O)=O)s1,vMost-DILI-Concern
2082,albendazole,CCCSc1ccc2nc(NC(=O)OC)[nH]c2c1,vMost-DILI-Concern
2094,allopurinol,O=c1ncnc2[nH][nH]cc1-2,vMost-DILI-Concern
54841,atomoxetine,CNCCC(Oc1ccccc1C)c1ccccc1,vMost-DILI-Concern
60823,atorvastatin,CC(C)c1c(C(=O)Nc2ccccc2)c(-c2ccccc2)c(-c2ccc(F)cc2)n1CCC(O)CC(O)CC(=O)O,vMost-DILI-Concern
2265,azathioprine,Cn1cnc([N+](=O)[O-])c1Sc1ncnc2nc[nH]c12,vMost-DILI-Concern
82146,bexarotene,C=C(c1ccc(C(=O)O)cc1)c1cc2c(cc1C)C(C)(C)CCC2(C)C,vMost-DILI-Concern
56069,bicalutamide,CC(O)(CS(=O)(=O)c1ccc(F)cc1)C(=O)Nc1ccc(C#N)c(C(F)(F)F)c1,vMost-DILI-Concern
2478,busulfan,CS(=O)(=O)OCCCCOS(C)(=O)=O,vMost-DILI-Concern
2554,carbamazepine,NC(=O)N1c2ccccc2C=Cc2ccccc21,vMost-DILI-Concern
2733,chlorzoxazone,O=c1[nH]c2cc(Cl)ccc2o1,vMost-DILI-Concern
2764,ciprofloxacin,O=C(O)c1cn(C2CC2)c2cc(N3CCNCC3)c(F)cc2c1=O,vMost-DILI-Concern
84029,clarithromycin,CCC1OC(=O)C(C)C(OC2CC(C)(OC)C(O)C(C)O2)C(C)C(OC2OC(C)CC(N(C)C)C2O)C(C)(OC)CC(C)C(=O)C(C)C(O)C1(C)O,vMost-DILI-Concern
2801,clomipramine,CN(C)CCCN1c2ccccc2CCc2ccc(Cl)cc21,vMost-DILI-Concern
2818,clozapine,CN1CCN(C2=c3ccccc3=Nc3ccc(Cl)cc3N2)CC1,vMost-DILI-Concern
213039,darunavir,CC(C)CN(CC(O)C(Cc1ccccc1)NC(=O)OC1COC2OCCC12)S(=O)(=O)c1ccc(N)cc1,vMost-DILI-Concern
3033,diclofenac,O=C(O)Cc1ccccc1Nc1c(Cl)cccc1Cl,vMost-DILI-Concern
50599,didanosine,O=c1[nH]cnc2c1ncn2C1CCC(CO)O1,vMost-DILI-Concern
3059,diflunisal,O=C(O)c1cc(-c2ccc(F)cc2F)ccc1O,vMost-DILI-Concern
39186,diltiazem,COc1ccc(C2Sc3ccccc3N(CCN(C)C)C(=O)C2OC(C)=O)cc1,vMost-DILI-Concern
3117,disulfiram,CCN(CC)C(=S)SSC(=S)N(CC)CC,vMost-DILI-Concern
208898,dronedarone,CCCCc1oc2ccc(NS(C)(=O)=O)cc2c1C(=O)c1ccc(OCCCN(CCCC)CCCC)cc1,vMost-DILI-Concern
60835,duloxetine,CNCCC(Oc1cccc2ccccc12)c1cccs1,vMost-DILI-Concern
64139,efavirenz,O=C1Nc2ccc(Cl)cc2C(C#CC2CC2)(C(F)(F)F)O1,vMost-DILI-Concern
176870,erlotinib,C#Cc1cccc(Nc2ncnc3cc(OCCOC)c(OCCOC)cc23)c1,vMost-DILI-Concern
12560,erythromycin,CCC1OC(=O)C(C)C(OC2CC(C)(OC)C(O)C(C)O2)C(C)C(OC2OC(C)CC(N(C)C)C2O)C(C)(O)CC(C)C(=O)C(C)C(O)C1(C)O,vMost-DILI-Concern
18140,estramustine,CC12CCC3c4ccc(OC(=O)N(CCCl)CCCl)cc4CCC3C1CCC2O,vMost-DILI-Concern
3279,ethambutol,CCC(CO)NCCNC(CC)CO,vMost-DILI-Concern
3308,etodolac,CCc1cccc2c3c([nH]c12)C(CC)(CC(=O)O)OCC3,vMost-DILI-Concern
193962,etravirine,Cc1cc(C#N)cc(C)c1Oc1nc(Nc2ccc(C#N)cc2)nc(N)c1Br,vMost-DILI-Concern
60198,exemestane,C=C1CC2C(CCC3(C)C(=O)CCC23)C2(C)C=CC(=O)C=C12,vMost-DILI-Concern
134018,febuxostat,Cc1nc(-c2ccc(OCC(C)C)c(C#N)c2)sc1C(=O)O,vMost-DILI-Concern
3342,fenoprofen,CC(C(=O)O)c1cccc(Oc2ccccc2)c1,vMost-DILI-Concern
3365,fluconazole,OC(Cn1cncn1)(Cn1cncn1)c1ccc(F)cc1F,vMost-DILI-Concern
56339,fosphenytoin,O=C1NC(c2ccccc2)(c2ccccc2)C(=O)N1COP(=O)(O)O,vMost-DILI-Concern
123631,gefitinib,COc1cc2ncnc(Nc3ccc(F)c(Cl)c3)c2cc1OCCCN1CCOCC1,vMost-DILI-Concern
60750,gemcitabine,Nc1ccn(C2OC(CO)C(O)C2(F)F)c(=O)n1,vMost-DILI-Concern
3463,gemfibrozil,Cc1ccc(C)c(OCCCC(C)(C)C(=O)O)c1,vMost-DILI-Concern
441140,griseofulvin,COC1=CC(=O)CC(C)C12Oc1c(Cl)c(OC)cc(OC)c1C2=O,vMost-DILI-Concern
3657,hydroxyurea,NC(=O)NO,vMost-DILI-Concern
5291,imatinib,Cc1ccc(NC(=O)c2ccc(CN3CCN(C)CC3)cc2)cc1Nc1nccc(-c2cccnc2)n1,vMost-DILI-Concern
3715,indomethacin,COc1ccc2c(c1)c(CC(=O)O)c(C)n2C(=O)c1ccc(Cl)cc1,vMost-DILI-Concern
5282379,isotretinoin,CC(C=CC1=C(C)CCCC1(C)C)=CC=CC(C)=CC(=O)O,vMost-DILI-Concern
55283,itraconazole,CCC(C)n1ncn(-c2ccc(N3CCN(c4ccc(OCC5COC(Cn6cncn6)(c6ccc(Cl)cc6Cl)O5)cc4)CC3)cc2)c1=O,vMost-DILI-Concern
3869,labetalol,CC(CCc1ccccc1)NCC(O)c1ccc(O)c(C(N)=O)c1,vMost-DILI-Concern
3878,lamotrigine,Nc1nnc(-c2cccc(Cl)c2Cl)c(N)n1,vMost-DILI-Concern
149096,levofloxacin,CC1COc2c(N3CCN(C)CC3)c(F)cc3c(=O)c(C(=O)O)cn1c23,vMost-DILI-Concern
4044,mefenamic acid,Cc1cccc(Nc2ccccc2C(=O)O)c1C,vMost-DILI-Concern
667490,mercaptopurine,S=c1nc[nH]c2nc[nH]c12,vMost-DILI-Concern
1349907,methimazole,Cn1cc[nH]c1=S,vMost-DILI-Concern
38853,methyldopa,CC(N)(Cc1ccc(O)c(O)c1)C(=O)O,vMost-DILI-Concern
65833,milnacipran,CCN(CC)C(=O)C1(c2ccccc2)CC1CN,vMost-DILI-Concern
5281021,minocycline,CN(C)c1ccc(O)c2c1CC1CC3C(N(C)C)C(=O)C(C(N)=O)C(=O)C3(O)C(=O)C1C2=O,vMost-DILI-Concern
9904,nandrolone decanoate,CC12CCC3C4CCC(=O)C=C4CCC3C1CCC2O,vMost-DILI-Concern
4493,nilutamide,CC1(C)NC(=O)N(c2ccc([N+](=O)[O-])c(C(F)(F)F)c2)C1=O,vMost-DILI-Concern
5353830,nitrofurantoin,O=C1CN(N=Cc2ccc([N+](=O)[O-])o2)C(=O)N1,vMost-DILI-Concern
4543,nortriptyline,CNCCC=C1c2ccccc2CCc2ccccc21,vMost-DILI-Concern
3034010,orlistat,CCCCCCCCCCCC(CC1OC(=O)C1CCCCCC)OC(=O)C(CC(C)C)NC=O,vMost-DILI-Concern
4680,papaverine,COc1ccc(Cc2nccc3cc(OC)c(OC)cc23)cc1OC,vMost-DILI-Concern
1775,phenytoin,O=C1NC(=O)C(c2ccccc2)(c2ccccc2)N1,vMost-DILI-Concern
11598201,raltegravir,Cc1nnc(C(=O)NC(C)(C)C2=NC(C(=O)NCc3ccc(F)cc3)C(=O)C(=O)N2C)o1,vMost-DILI-Concern
5381226,rifampin,COC1C=COC2(C)Oc3c(C)c(O)c4c(c3C2=O)C(=O)C(=CNN2CCN(C)CC2)C(NC(=O)C(C)=CC=CC(C)C(O)C(C)C(O)C(C)C(OC(C)=O)C1C)C4=O,vMost-DILI-Concern
5070,riluzole,Nc1nc2ccc(OC(F)(F)F)cc2s1,vMost-DILI-Concern
392622,ritonavir,CC(C)c1nc(CN(C)C(=O)NC(C(=O)NC(Cc2ccccc2)CC(O)C(Cc2ccccc2)NC(=O)OCc2cncs2)C(C)C)cs1,vMost-DILI-Concern
216239,sorafenib,CNC(=O)c1cc(Oc2ccc(NC(=O)Nc3ccc(Cl)c(C(F)(F)F)c3)cc2)ccn1,vMost-DILI-Concern
5353980,sulfasalazine,O=C(O)C1=CC(=NNc2ccc(S(=O)(=O)Nc3ccccn3)cc2)C=CC1=O,vMost-DILI-Concern
5352,sulindac,CC1=C(CC(=O)O)c2cc(F)ccc2C1=Cc1ccc([S+](C)[O-])cc1,vMost-DILI-Concern
2733526,tamoxifen,CCC(=C(c1ccccc1)c1ccc(OCCN(C)C)cc1)c1ccccc1,vMost-DILI-Concern
5462516,telithromycin,CCC1OC(=O)C(C)C(=O)C(C)C(OC2OC(C)CC(N(C)C)C2O)C(C)(OC)CC(C)C(=O)C(C)C2N(CCCCn3cnc(-c4cccnc4)c3)C(=O)OC12C,vMost-DILI-Concern
5402,terbinafine,CN(CC=CC#CC(C)(C)C)Cc1cccc2ccccc12,vMost-DILI-Concern
6013,testosterone,CC12CCC(=O)C=C1CCC1C2CCC2(C)C(O)CCC12,vMost-DILI-Concern
5430,thiabendazole,c1ccc2[nH]c(-c3cscn3)nc2c1,vMost-DILI-Concern
5472,ticlopidine,Clc1ccccc1CN1CCc2sccc2C1,vMost-DILI-Concern
5487,tizanidine,Clc1ccc2nsnc2c1NC1=NCCN1,vMost-DILI-Concern
216237,tolvaptan,Cc1ccccc1C(=O)Nc1ccc(C(=O)N2CCCC(O)c3cc(Cl)ccc32)c(C)c1,vMost-DILI-Concern
71616,voriconazole,CC(c1ncncc1F)C(O)(Cn1cncn1)c1ccc(F)cc1F,vMost-DILI-Concern
5717,zafirlukast,COc1cc(C(=O)NS(=O)(=O)c2ccccc2C)ccc1Cc1cn(C)c2ccc(NC(=O)OC3CCCC3)cc12,vMost-DILI-Concern
60490,zileuton,CC(c1cc2ccccc2s1)N(O)C(N)=O,vMost-DILI-Concern
60871,adefovir,CC(C)(C)C(=O)OCOP(=O)(COCCn1cnc2c(N)ncnc21)OCOC(=O)C(C)(C)C,vLess-DILI-Concern
14956,amphotericin b,CC1C=CC=CC=CC=CC=CC=CC=CC(OC2OC(C)C(O)C(N)C2O)CC2OC(O)(CC(O)CC(O)C(O)CCC(O)CC(O)CC(=O)OC(C)C(C)C1O)CC(O)C2C(=O)O,vLess-DILI-Concern
6249,ampicillin,CC1(C)SC2C(NC(=O)C(N)c3ccccc3)C(=O)N2C1C(=O)O,vLess-DILI-Concern
148192,atazanavir,COC(=O)NC(C(=O)NC(Cc1ccccc1)C(O)CN(Cc1ccc(-c2ccccn2)cc1)NC(=O)C(NC(=O)OC)C(C)(C)C)C(C)(C)C,vLess-DILI-Concern
31101,bromocriptine,CC(C)CC1C(=O)N2CCCC2C2(O)OC(NC(=O)C3C=C4c5cccc6[nH]c(Br)c(c56)CC4N(C)C3)(C(C)C)C(=O)N12,vLess-DILI-Concern
20824,carbenicillin,CC1(C)SC2C(NC(=O)C(C(=O)O)c3ccccc3)C(=O)N2C1C(=O)O,vLess-DILI-Concern
498142,carboplatin,O=C(O)C1(C(=O)O)CCC1,vLess-DILI-Concern
2662,celecoxib,Cc1ccc(-c2cc(C(F)(F)F)nn2-c2ccc(S(N)(=O)=O)cc2)cc1,vLess-DILI-Concern
2708,chlorambucil,O=C(O)CCCc1ccc(N(CCCl)CCCl)cc1,vLess-DILI-Concern
29029,clindamycin,CCCC1CC(C(=O)NC(C(C)Cl)C2OC(SC)C(O)C(O)C2O)N(C)C1,vLess-DILI-Concern
2796,clofibrate,CCOC(=O)C(C)(C)Oc1ccc(Cl)cc1,vLess-DILI-Concern
1548955,clomiphene,CCN(CC)CCOc1ccc(C(=C(Cl)c2ccccc2)c2ccccc2)cc1,vLess-DILI-Concern
2812,clotrimazole,Clc1ccccc1C(c1ccccc1)(c1ccccc1)n1ccnc1,vLess-DILI-Concern
6098,cloxacillin,Cc1onc(-c2ccccc2Cl)c1C(=O)NC1C(=O)N2C1SC(C)(C)C2C(=O)O,vLess-DILI-Concern
2955,dapsone,Nc1ccc(S(=O)(=O)c2ccc(N)cc2)cc1,vLess-DILI-Concern
18381,dicloxacillin,Cc1onc(-c2c(Cl)cccc2Cl)c1C(=O)NC1C(=O)N2C1SC(C)(C)C2C(=O)O,vLess-DILI-Concern
148124,docetaxel,CC(=O)OC12COC1CC(O)C1(C)C(=O)C(O)C3=C(C)C(OC(=O)C(O)C(NC(=O)OC(C)(C)C)c4ccccc4)CC(O)(C(OC(=O)c4ccccc4)C21)C3(C)C,vLess-DILI-Concern
2761171,ethionamide,CCc1cc(C(N)=S)ccn1,vLess-DILI-Concern
150311,ezetimibe,O=C1C(CCC(O)c2ccc(F)cc2)C(c2ccc(O)cc2)N1c1ccc(F)cc1,vLess-DILI-Concern
3339,fenofibrate,CC(C)OC(=O)C(C)(C)Oc1ccc(C(=O)c2ccc(Cl)cc2)cc1,vLess-DILI-Concern
1548972,fluvastatin,CC(C)n1c(C=CC(O)CC(O)CC(=O)O)c(-c2ccc(F)cc2)c2ccccc21,vLess-DILI-Concern
3446,gabapentin,NCC1(CC(=O)O)CCCCC1,vLess-DILI-Concern
5464436,gemifloxacin,CON=C1CN(c2nc3c(cc2F)c(=O)c(C(=O)O)cn3C2CC2)CC1CN,vLess-DILI-Concern
3672,ibuprofen,CC(C)Cc1ccc(C(C)C(=O)O)cc1,vLess-DILI-Concern
3825,ketoprofen,CC(C(=O)O)c1cccc(C(=O)c2ccccc2)c1,vLess-DILI-Concern
3826,ketorolac,O=C(c1ccccc1)c1ccc2n1CCC2C(=O)O,vLess-DILI-Concern
60825,lamivudine,Nc1ccn(C2CSC(CO)O2)c(=O)n1,vLess-DILI-Concern
216326,lenalidomide,Nc1cccc2c1CN(C1CCC(=O)NC1=O)C2=O,vLess-DILI-Concern
3902,letrozole,N#Cc1ccc(C(c2ccc(C#N)cc2)n2cncn2)cc1,vLess-DILI-Concern
3950,lomustine,O=NN(CCCl)C(=O)NC1CCCCC1,vLess-DILI-Concern
53232,lovastatin,CCC(C)C(=O)OC1CC(C)C=C2C=CC(C)C(CCC3CC(O)CC(=O)O3)C21,vLess-DILI-Concern
4030,mebendazole,COC(=O)Nc1nc2ccc(C(=O)c3ccccc3)cc2[nH]1,vLess-DILI-Concern
54677470,meloxicam,Cc1cnc(NC(=O)C2C(=O)c3ccccc3S(=O)(=O)N2C)s1,vLess-DILI-Concern
64778,meropenem,CC(O)C1C(=O)N2C(C(=O)O)=C(SC3CCC(C(=O)N(C)C)N3)C(C)C12,vLess-DILI-Concern
4114,methoxsalen,COc1c2occc2cc2ccc(=O)oc12,vLess-DILI-Concern
6010,methyltestosterone,CC12CCC(=O)C=C1CCC1C2CCC2(C)C1CCC2(C)O,vLess-DILI-Concern
4205,mirtazapine,CN1CCN2c3ncccc3Cc3ccccc3C2C1,vLess-DILI-Concern
4212,mitoxantrone,O=C1c2c(O)ccc(O)c2C(=O)c2c(NCCNCCO)ccc(NCCNCCO)c21,vLess-DILI-Concern
4236,modafinil,NC(=O)C[S+]([O-])C(c1ccccc1)c1ccccc1,vLess-DILI-Concern
8982,nafcillin,CCOc1ccc2ccccc2c1C(=O)NC1C(=O)N2C1SC(C)(C)C2C(=O)O,vLess-DILI-Concern
1302,naproxen,COc1ccc2cc(C(C)C(=O)O)ccc2c1,vLess-DILI-Concern
4485,nifedipine,COC(=O)C1=C(C)NC(C)=C(C(=O)OC)C1c1ccccc1[N+](=O)[O-],vLess-DILI-Concern
4539,norfloxacin,CCn1cc(C(=O)O)c(=O)c2cc(F)c(N3CCNCC3)cc21,vLess-DILI-Concern
4583,ofloxacin,CC1COc2c(N3CCN(C)CC3)c(F)cc3c(=O)c(C(=O)O)cn1c23,vLess-DILI-Concern
6196,oxacillin,Cc1onc(-c2ccccc2)c1C(=O)NC1C(=O)N2C1SC(C)(C)C2C(=O)O,vLess-DILI-Concern
4614,oxaprozin,O=C(O)CCc1nc(-c2ccccc2)c(-c2ccccc2)o1,vLess-DILI-Concern
34312,oxcarbazepine,NC(=O)N1c2ccccc2CC(=O)c2ccccc21,vLess-DILI-Concern
5852,penicillamine,CC(C)(S)C(N)C(=O)O,vLess-DILI-Concern
4735,pentamidine,N=C(N)c1ccc(OCCCCCOc2ccc(C(=N)N)cc2)cc1,vLess-DILI-Concern
4748,perphenazine,OCCN1CCN(CCCN2c3ccccc3Sc3ccc(Cl)cc32)CC1,vLess-DILI-Concern
4763,phenobarbital,CCC1(c2ccccc2)C(=O)NC(=O)NC1=O,vLess-DILI-Concern
4829,pioglitazone,CCc1ccc(CCOc2ccc(CC3SC(=O)NC3=O)cc2)nc1,vLess-DILI-Concern
5280452,piroxicam,CN1C(C(=O)Nc2ccccn2)C(=O)c2ccccc2S1(=O)=O,vLess-DILI-Concern
54687,pravastatin,CCC(C)C(=O)OC1CC(O)C=C2C=CC(C)C(CCC(O)CC(O)CC(=O)O)C21,vLess-DILI-Concern
4915,procarbazine,CNNCc1ccc(C(=O)NC(C)C)cc1,vLess-DILI-Concern
1046,pyrazinamide,NC(=O)c1cnccn1,vLess-DILI-Concern
4993,pyrimethamine,CCc1nc(N)nc(N)c1-c1ccc(Cl)cc1,vLess-DILI-Concern
5002,quetiapine,OCCOCCN1CCN(C2=Nc3ccccc3Sc3ccccc32)CC1,vLess-DILI-Concern
8549,quinine,C=CC1CN2CCC1CC2C(O)c1ccnc2ccc(OC)cc12,vLess-DILI-Concern
77999,rosiglitazone,CN(CCOc1ccc(CC2SC(=O)NC2=O)cc1)c1ccccn1,vLess-DILI-Concern
6439133,rosuvastatin,CC(C)c1nc(N(C)S(C)(=O)=O)nc(-c2ccc(F)cc2)c1C=CC(O)CC(O)CC(=O)O,vLess-DILI-Concern
5161,salsalate,O=C(Oc1ccccc1C(=O)O)c1ccccc1O,vLess-DILI-Concern
60787,saquinavir,CC(C)(C)NC(=O)C1CC2CCCCC2CN1CC(O)C(Cc1ccccc1)NC(=O)C(CC(N)=O)NC(=O)c1ccc2ccccc2n1,vLess-DILI-Concern
54454,simvastatin,CCC(C)(C)C(=O)OC1CC(C)C=C2C=CC(C)C(CCC3CC(O)CC(=O)O3)C21,vLess-DILI-Concern
9354,succimer,O=C(O)C(S)C(S)C(=O)O,vLess-DILI-Concern
34698,teniposide,COc1cc(C2c3cc4c(cc3C(OC3OC5COC(c6cccs6)OC5C(O)C3O)C3COC(=O)C23)OCO4)cc(OC)c1O,vLess-DILI-Concern
464205,tenofovir,CC(Cn1cnc2c(N)ncnc21)OCP(=O)(O)O,vLess-DILI-Concern
5353990,tetracycline,CN(C)C1C(=O)C(C(N)=O)C(=O)C2(O)C(=O)C3C(=O)c4c(O)cccc4C(C)(O)C3CC12,vLess-DILI-Concern
2723601,thioguanine,Nc1nc(=S)c2[nH]cnc2[nH]1,vLess-DILI-Concern
5453,thiotepa,S=P(N1CC1)(N1CC1)N1CC1,vLess-DILI-Concern
119607,valdecoxib,Cc1onc(-c2ccccc2)c1-c1ccc(S(N)(=O)=O)cc1,vLess-DILI-Concern
2520,verapamil,COc1ccc(CCN(C)CCCC(C#N)(c2ccc(OC)c(OC)c2)C(C)C)cc1OC,vLess-DILI-Concern
445354,vitamin a,CC(C=CC1=C(C)CCCC1(C)C)=CC=CC(C)=CCO,vLess-DILI-Concern
71158,acamprosate,CC(=O)NCCCS(=O)(=O)O,vLess-DILI-Concern
1978,acebutolol,CCCC(=O)Nc1ccc(OCC(O)CNC(C)C)c(C(C)=O)c1,vLess-DILI-Concern
2022,aciclovir,Nc1nc2c(ncn2COCCO)c(=O)[nH]1,vLess-DILI-Concern
2092,alfuzosin,COc1cc2nc(N(C)CCCNC(=O)C3CCCO3)nc(N)c2cc1OC,vLess-DILI-Concern
2099,alosetron,Cc1[nH]cnc1CN1CCc2c(c3ccccc3n2C)C1=O,vLess-DILI-Concern
2118,alprazolam,Cc1nnc2n1-c1ccc(Cl)cc1C(c1ccccc1)=NC2,vLess-DILI-Concern
16231,amiloride,NC(N)=NC(=O)c1nc(Cl)c(N)nc1N,vLess-DILI-Concern
2160,amitriptyline,CN(C)CCC=C1c2ccccc2CCc2ccccc21,vLess-DILI-Concern
2162,amlodipine,CCOC(=O)C1=C(COCCN)NC(C)=C(C(=O)OC)C1c1ccccc1Cl,vLess-DILI-Concern
33613,amoxicillin,CC1(C)SC2C(NC(=O)C(N)c3ccc(O)cc3)C(=O)N2C1C(=O)O,vLess-DILI-Concern
2187,anastrozole,CC(C)(C#N)c1cc(Cn2cncn2)cc(C(C)(C)C#N)c1,vLess-DILI-Concern
2249,atenolol,CC(C)NCC(O)COc1ccc(CC(N)=O)cc1,vLess-DILI-Concern
55185,azithromycin,CCC1OC(=O)C(C)C(OC2CC(C)(OC)C(O)C(C)O2)C(C)C(OC2OC(C)CC(N(C)C)C2O)C(C)(O)CC(C)CN(C)C(C)C(O)C1(C)O,vLess-DILI-Concern
2284,baclofen,NCC(CC(=O)O)c1ccc(Cl)cc1,vLess-DILI-Concern
5362124,benazepril,CCOC(=O)C(CCc1ccccc1)NC1CCc2ccccc2N(CC(=O)O)C1=O,vLess-DILI-Concern
2315,bendroflumethiazide,NS(=O)(=O)c1cc2c(cc1C(F)(F)F)NC(Cc1ccccc1)NS2(=O)=O,vLess-DILI-Concern
444,bupropion,CC(NC(C)(C)C)C(=O)c1cccc(Cl)c1,vLess-DILI-Concern
2541,candesartan,CCOc1nc2cccc(C(=O)O)c2n1Cc1ccc(-c2ccccc2-c2nn[nH]n2)cc1,vLess-DILI-Concern
44093,captopril,CC(CS)C(=O)N1CCCC1C(=O)O,vLess-DILI-Concern
2585,carvedilol,COc1ccccc1OCCNCC(O)COc1cccc2[nH]c3ccccc3c12,vLess-DILI-Concern
40958,cefaclor,NC(C(=O)NC1C(=O)N2C(C(=O)O)=C(Cl)CSC12)c1ccccc1,vLess-DILI-Concern
2610,cefadroxil,CC1=C(C(=O)O)N2C(=O)C(NC(=O)C(N)c3ccc(O)cc3)C2SC1,vLess-DILI-Concern
656510,cefazolin,Cc1nnc(SCC2=C(C(=O)O)N3C(=O)C(NC(=O)Cn4cnnn4)C3SC2)s1,vLess-DILI-Concern
6915944,cefdinir,C=CC1=C(C(=O)O)N2C(=O)C(NC(=O)C(=NO)c3csc(N)n3)C2SC1,vLess-DILI-Concern
5479537,cefepime,CON=C(C(=O)NC1C(=O)N2C(C(=O)[O-])=C(C[N+]3(C)CCCC3)CSC12)c1csc(N)n1,vLess-DILI-Concern
44185,cefoperazone,CCN1CCN(C(=O)NC(C(=O)NC2C(=O)N3C(C(=O)O)=C(CSc4nnnn4C)CSC23)c2ccc(O)cc2)C(=O)C1=O,vLess-DILI-Concern
456256,cefotaxime,CON=C(C(=O)NC1C(=O)N2C(C(=O)O)=C(COC(C)=O)CSC12)c1csc(N)n1,vLess-DILI-Concern
5281006,cefprozil,CC=CC1=C(C(=O)O)N2C(=O)C(NC(=O)C(N)c3ccc(O)cc3)C2SC1,vLess-DILI-Concern
5481173,ceftazidime,CC(C)(ON=C(C(=O)NC1C(=O)N2C(C(=O)[O-])=C(C[n+]3ccccc3)CSC12)c1csc(N)n1)C(=O)O,vLess-DILI-Concern
5361919,ceftriaxone,CON=C(C(=O)NC1C(=O)N2C(C(=O)O)=C(CSc3nc(=O)c(=O)[nH]n3C)CSC12)c1csc(N)n1,vLess-DILI-Concern
5361202,cefuroxime,CON=C(C(=O)NC1C(=O)N2C(C(=O)O)=C(COC(N)=O)CSC12)c1ccco1,vLess-DILI-Concern
27447,cephalexin,CC1=C(C(=O)O)N2C(=O)C(NC(=O)C(N)c3ccccc3)C2SC1,vLess-DILI-Concern
2678,cetirizine,O=C(O)COCCN1CCN(C(c2ccccc2)c2ccc(Cl)cc2)CC1,vLess-DILI-Concern
2712,chlordiazepoxide,CN=C1CN(O)C(c2ccccc2)=c2cc(Cl)ccc2=N1,vLess-DILI-Concern
2719,chloroquine,CCN(CC)CCCC(C)Nc1ccnc2cc(Cl)ccc12,vLess-DILI-Concern
2720,chlorothiazide,NS(=O)(=O)c1cc2c(cc1Cl)NC=NS2(=O)=O,vLess-DILI-Concern
2726,chlorpromazine,CN(C)CCCN1c2ccccc2Sc2ccc(Cl)cc21,vLess-DILI-Concern
2727,chlorpropamide,CCCNC(=O)NS(=O)(=O)c1ccc(Cl)cc1,vLess-DILI-Concern
2756,cimetidine,CN=C(NC#N)NCCSCc1nc[nH]c1C,vLess-DILI-Concern
2771,citalopram,CN(C)CCCC1(c2ccc(F)cc2)OCc2cc(C#N)ccc21,vLess-DILI-Concern
2802,clonazepam,O=C1CN=C(c2ccccc2Cl)c2cc([N+](=O)[O-])ccc2N1,vLess-DILI-Concern
60606,clopidogrel,COC(=O)C(c1ccccc1Cl)N1CCc2sccc2C1,vLess-DILI-Concern
27686,cromoglicate,O=C(O)c1cc(=O)c2cc(OCC(O)COc3cccc4oc(C(=O)O)cc(=O)c34)ccc2o1,vLess-DILI-Concern
2895,cyclobenzaprine,CN(C)CCC=C1c2ccccc2C=Cc2ccccc21,vLess-DILI-Concern
2907,cyclophosphamide,O=P1(N(CCCl)CCCl)NCCCO1,vLess-DILI-Concern
2913,cyproheptadine,CN1CCC(=C2c3ccccc3C=Cc3ccccc32)CC1,vLess-DILI-Concern
347910371,dalteparin sodium,O=C(O)C1OC(OC2C(COS(=O)(=O)O)OC(O)C(NS(=O)(=O)O)C2O)C(OS(=O)(=O)O)C(O)C1O,vLess-DILI-Concern
3062316,dasatinib,Cc1nc(Nc2ncc(C(=O)Nc3c(C)cccc3Cl)s2)cc(N2CCN(CCO)CC2)n1,vLess-DILI-Concern
124087,desloratadine,Clc1ccc2c(c1)CCc1cccnc1C2=C1CCNCC1,vLess-DILI-Concern
125017,desvenlafaxine,CN(C)CC(c1ccc(O)cc1)C1(O)CCCCC1,vLess-DILI-Concern
154101,dexmethylphenidate,COC(=O)C(c1ccccc1)C1CCCCN1,vLess-DILI-Concern
3114,disopyramide,CC(C)N(CCC(C(N)=O)(c1ccccc1)c1ccccn1)C(C)C,vLess-DILI-Concern
3152,donepezil,COc1cc2c(cc1OC)C(=O)C(CC1CCN(Cc3ccccc3)CC1)C2,vLess-DILI-Concern
667477,doxepin,CN(C)CCC=C1c2ccccc2COc2ccccc21,vLess-DILI-Concern
31703,doxorubicin,COc1cccc2c1C(=O)c1c(O)c3c(c(O)c1C2=O)CC(O)(C(=O)CO)CC3OC1CC(N)C(O)C(C)O1,vLess-DILI-Concern
5281011,doxycycline,CC1c2cccc(O)c2C(=O)C2C(=O)C3(O)C(=O)C(C(N)=O)C(=O)C(N(C)C)C3C(O)C21,vLess-DILI-Concern
5362032,enalapril,CCOC(=O)C(CCc1ccccc1)NC(C)C(=O)N1CCCC1C(=O)O,vLess-DILI-Concern
25244225,enoxaparin,O=C(O)C1OC(OC2C(COS(=O)(=O)O)OC(O)C(NS(=O)(=O)O)C2O)C(OS(=O)(=O)O)C(O)C1O,vLess-DILI-Concern
146570,escitalopram,CN(C)CCCC1(c2ccc(F)cc2)OCc2cc(C#N)ccc21,vLess-DILI-Concern
9579578,esomeprazole Sodium,COc1ccc2nc([S+]([O-])Cc3ncc(C)c(OC)c3C)[nH]c2c1,vLess-DILI-Concern
5757,estradiol,CC12CCC3c4ccc(O)cc4CCC3C1CCC2O,vLess-DILI-Concern
36462,etoposide,COc1cc(C2c3cc4c(cc3C(OC3OC5COC(C)OC5C(O)C3O)C3COC(=O)C23)OCO4)cc(OC)c1O,vLess-DILI-Concern
3325,famotidine,NC(N)=Nc1nc(CSCCC(N)=NS(N)(=O)=O)cs1,vLess-DILI-Concern
3333,felodipine,CCOC(=O)C1=C(C)NC(C)=C(C(=O)OC)C1c1cccc(Cl)c1Cl,vLess-DILI-Concern
3356,flecainide,O=C(NCC1CCCCN1)c1cc(OCC(F)(F)F)ccc1OCC(F)(F)F,vLess-DILI-Concern
3386,fluoxetine,CNCCC(Oc1ccc(C(F)(F)F)cc1)c1ccccc1,vLess-DILI-Concern
3393,flurazepam,CCN(CC)CCN1C(=O)CN=C(c2ccccc2F)c2cc(Cl)ccc21,vLess-DILI-Concern
446987,fosfomycin,CC1OC1P(=O)(O)O,vLess-DILI-Concern
55891,fosinopril,CCC(=O)OC(OP(=O)(CCCCc1ccccc1)CC(=O)N1CC(C2CCCCC2)CC1C(=O)O)C(C)C,vLess-DILI-Concern
3488,glibenclamide,COc1ccc(Cl)cc1C(=O)NCCc1ccc(S(=O)(=O)NC(=O)NC2CCCCC2)cc1,vLess-DILI-Concern
3476,glimepiride,CCC1=C(C)CN(C(=O)NCCc2ccc(S(=O)(=O)NC(=O)NC3CCC(C)CC3)cc2)C1=O,vLess-DILI-Concern
3478,glipizide,Cc1cnc(C(=O)NCCc2ccc(S(=O)(=O)NC(=O)NC3CCCCC3)cc2)cn1,vLess-DILI-Concern
3559,haloperidol,O=C(CCCN1CCC(O)(c2ccc(Cl)cc2)CC1)c1ccc(F)cc1,vLess-DILI-Concern
3637,hydralazine,NNc1nncc2ccccc12,vLess-DILI-Concern
3639,hydrochlorothiazide,NS(=O)(=O)c1cc2c(cc1Cl)NCNS2(=O)=O,vLess-DILI-Concern
3652,hydroxychloroquine,CCN(CCO)CCCC(C)Nc1ccnc2cc(Cl)ccc12,vLess-DILI-Concern
3690,ifosfamide,O=P1(NCCCl)OCCCN1CCCl,vLess-DILI-Concern
3696,imipramine,CN(C)CCCN1c2ccccc2CCc2ccccc21,vLess-DILI-Concern
3749,irbesartan,CCCCC1=NC2(CCCC2)C(=O)N1Cc1ccc(-c2ccccc2-c2nn[nH]n2)cc1,vLess-DILI-Concern
60838,irinotecan,CCc1c2c(nc3ccc(OC(=O)N4CCC(N5CCCCC5)CC4)cc13)-c1cc3c(c(=O)n1C2)COC(=O)C3(O)CC,vLess-DILI-Concern
3784,isradipine,COC(=O)C1=C(C)NC(C)=C(C(=O)OC(C)C)C1c1cccc2nonc12,vLess-DILI-Concern
3883,lansoprazole,Cc1c(OCC(F)(F)F)ccnc1C[S+]([O-])c1nc2ccccc2[nH]1,vLess-DILI-Concern
441341,levetiracetam,CCC(C(N)=O)N1CCCC1=O,vLess-DILI-Concern
1549000,levocetirizine dihydrochloride,O=C(O)COCCN1CCN(C(c2ccccc2)c2ccc(Cl)cc2)CC1,vLess-DILI-Concern
5819,levothyroxine,NC(Cc1cc(I)c(Oc2cc(I)c(O)c(I)c2)c(I)c1)C(=O)O,vLess-DILI-Concern
441401,linezolid,CC(=O)NCC1CN(c2ccc(N3CCOCC3)c(F)c2)C(=O)O1,vLess-DILI-Concern
5362119,lisinopril,NCCCCC(NC(CCc1ccccc1)C(=O)O)C(=O)N1CCCC1C(=O)O,vLess-DILI-Concern
3956,loracarbef,NC(C(=O)NC1C(=O)N2C(C(=O)O)=C(Cl)CCC12)c1ccccc1,vLess-DILI-Concern
3961,losartan,CCCCc1nc(Cl)c(CO)n1Cc1ccc(-c2ccccc2-c2nn[nH]n2)cc1,vLess-DILI-Concern
4046,mefloquine,OC(c1cc(C(F)(F)F)nc2c(C(F)(F)F)cccc12)C1CCCCN1,vLess-DILI-Concern
4053,melphalan,NC(Cc1ccc(N(CCCl)CCCl)cc1)C(=O)O,vLess-DILI-Concern
4054,memantine,CC12CC3CC(C)(C1)CC(N)(C3)C2,vLess-DILI-Concern
4075,mesalazine,Nc1ccc(O)c(C(=O)O)c1,vLess-DILI-Concern
15459,metaxalone,Cc1cc(C)cc(OCC2CNC(=O)O2)c1,vLess-DILI-Concern
4100,methazolamide,CC(=O)N=c1sc(S(N)(=O)=O)nn1C,vLess-DILI-Concern
4158,methylphenidate,COC(=O)C(c1ccccc1)C1CCCCN1,vLess-DILI-Concern
6741,methylprednisolone,CC1CC2C(C(O)CC3(C)C2CCC3(O)C(=O)CO)C2(C)C=CC(=O)C=C12,vLess-DILI-Concern
4168,metoclopramide,CCN(CC)CCNC(=O)c1cc(Cl)c(N)cc1OC,vLess-DILI-Concern
4171,metoprolol,COCCc1ccc(OCC(O)CNC(C)C)cc1,vLess-DILI-Concern
5281040,montelukast,CC(C)(O)c1ccccc1CCC(SCC1(CC(=O)O)CC1)c1cccc(C=Cc2ccc3ccc(Cl)cc3n2)c1,vLess-DILI-Concern
152946,moxifloxacin,COc1c(N2CC3CCCNC3C2)c(F)cc2c(=O)c(C(=O)O)cn(C3CC3)c12,vLess-DILI-Concern
5281078,mycophenolate mofetil,COc1c(C)c2c(c(O)c1CC=C(C)CCC(=O)OCCN1CCOCC1)C(=O)OC2,vLess-DILI-Concern
3011155,nelarabine,COc1nc(N)nc2c1ncn2C1OC(CO)C(O)C1O,vLess-DILI-Concern
64143,nelfinavir,Cc1c(O)cccc1C(=O)NC(CSc1ccccc1)C(O)CN1CC2CCCCC2CC1C(=O)NC(C)(C)C,vLess-DILI-Concern
3033637,nizatidine,CNC(=C[N+](=O)[O-])NCCSCc1csc(CN(C)C)n1,vLess-DILI-Concern
4585,olanzapine,Cc1cc2c(s1)=Nc1ccccc1NC=2N1CCN(C)CC1,vLess-DILI-Concern
6003770,olsalazine,O=C(O)C1=CC(=NNc2ccc(O)c(C(=O)O)c2)C=CC1=O,vLess-DILI-Concern
4594,omeprazole,COc1ccc2nc([S+]([O-])Cc3ncc(C)c(OC)c3C)[nH]c2c1,vLess-DILI-Concern
4595,ondansetron,Cc1nccn1CC1CCc2c(c3ccccc3n2C)C1=O,vLess-DILI-Concern
36314,paclitaxel,CC(=O)OC1C(=O)C2(C)C(O)CC3OCC3(OC(C)=O)C2C(OC(=O)c2ccccc2)C2(O)CC(OC(=O)C(O)C(NC(=O)c3ccccc3)c3ccccc3)C(C)=C1C2(C)C,vLess-DILI-Concern
4679,pantoprazole,COc1ccnc(C[S+]([O-])c2nc3ccc(OC(F)F)cc3[nH]2)c1OC,vLess-DILI-Concern
43815,paroxetine,Fc1ccc(C2CCNCC2COc2ccc3c(c2)OCO3)cc1,vLess-DILI-Concern
436058,pegaspargase,C=C(CN(C)C)C(=O)c1ccc(C)cc1C,vLess-DILI-Concern
5904,penicillin g,CC1(C)SC2C(NC(=O)Cc3ccccc3)C(=O)N2C1C(=O)O,vLess-DILI-Concern
3675,phenelzine,NNCCc1ccccc1,vLess-DILI-Concern
5755,prednisolone,CC12C=CC(=O)C=C1CCC1C2C(O)CC2(C)C1CCC2(O)C(=O)CO,vLess-DILI-Concern
5865,prednisone,CC12C=CC(=O)C=C1CCC1C2C(=O)CC2(C)C1CCC2(O)C(=O)CO,vLess-DILI-Concern
4913,procainamide,CCN(CC)CCNC(=O)c1ccc(N)cc1,vLess-DILI-Concern
4917,prochlorperazine,CN1CCN(CCCN2c3ccccc3Sc3ccc(Cl)cc32)CC1,vLess-DILI-Concern
5994,progesterone,CC(=O)C1CCC2C3CCC4=CC(=O)CCC4(C)C3CCC12C,vLess-DILI-Concern
4927,promethazine,CC(CN1c2ccccc2Sc2ccccc21)N(C)C,vLess-DILI-Concern
4932,propafenone,CCCNCC(O)COc1ccccc1C(=O)CCc1ccccc1,vLess-DILI-Concern
4943,propofol,CC(C)c1cccc(C(C)C)c1O,vLess-DILI-Concern
15330,propoxyphene,CCC(=O)OC(Cc1ccccc1)(c1ccccc1)C(C)CN(C)C,vLess-DILI-Concern
54892,quinapril,CCOC(=O)C(CCc1ccccc1)NC(C)C(=O)N1Cc2ccccc2CC1C(=O)O,vLess-DILI-Concern
441074,quinidine,C=CC1CN2CCC1CC2C(O)c1ccnc2ccc(OC)cc12,vLess-DILI-Concern
5029,rabeprazole,COCCCOc1ccnc(C[S+]([O-])c2nc3ccccc3[nH]2)c1C,vLess-DILI-Concern
5362129,ramipril,CCOC(=O)C(CCc1ccccc1)NC(C)C(=O)N1C(C(=O)O)CC2CCCC21,vLess-DILI-Concern
3001055,ranitidine,CNC(=C[N+](=O)[O-])NCCSCc1ccc(CN(C)C)o1,vLess-DILI-Concern
60815,remifentanil,CCC(=O)N(c1ccccc1)C1(C(=O)OC)CCN(CCC(=O)OC)CC1,vLess-DILI-Concern
65981,repaglinide,CCOc1cc(CC(=O)NC(CC(C)C)c2ccccc2N2CCCCC2)ccc1C(=O)O,vLess-DILI-Concern
6323490,rifabutin,COC1C=COC2(C)Oc3c(C)c(O)c4c(c3C2=O)C2=NC3(CCN(CC(C)C)CC3)NC2=C(NC(=O)C(C)=CC=CC(C)C(O)C(C)C(O)C(C)C(OC(C)=O)C1C)C4=O,vLess-DILI-Concern
5073,risperidone,Cc1nc2n(c(=O)c1CCN1CCC(c3noc4cc(F)ccc34)CC1)CCCC2,vLess-DILI-Concern
77991,rivastigmine,CCN(C)C(=O)Oc1cccc(C(C)N(C)C)c1,vLess-DILI-Concern
5095,ropinirole,CCCN(CCC)CCc1cccc2c1CC(=O)N2,vLess-DILI-Concern
68617,sertraline,CNC1CCC(c2ccc(Cl)c(Cl)c2)c2ccccc21,vLess-DILI-Concern
5210,sibutramine,CC(C)CC(N(C)C)C1(c2ccc(Cl)cc2)CCC1,vLess-DILI-Concern
5212,sildenafil,CCCc1nn(C)c2c(=O)[nH]c(-c3cc(S(=O)(=O)N4CCN(C)CC4)ccc3OCC)nc12,vLess-DILI-Concern
6436030,sirolimus,COC1CC2CCC(C)C(O)(O2)C(=O)C(=O)N2CCCCC2C(=O)OC(C(C)CC2CCC(O)C(OC)C2)CC(=O)C(C)C=C(C)C(O)C(OC)C(=O)C(C)CC(C)C=CC=CC=C1C,vLess-DILI-Concern
4369359,sitagliptin,NC(CC(=O)N1CCn2c(nnc2C(F)(F)F)C1)Cc1cc(F)c(F)cc1F,vLess-DILI-Concern
5833,spironolactone,CC(=O)SC1CC2=CC(=O)CCC2(C)C2CCC3(C)C(CCC34CCC(=O)O4)C12,vLess-DILI-Concern
5215,sulfadiazine,Nc1ccc(S(=O)(=O)Nc2ncccn2)cc1,vLess-DILI-Concern
439492,tacrolimus,C=CCC1C=C(C)CC(C)CC(OC)C2OC(O)(C(=O)C(=O)N3CCCCC3C(=O)OC(C(C)=CC3CCC(O)C(OC)C3)C(C)C(O)CC1=O)C(C)CC2OC,vLess-DILI-Concern
65999,telmisartan,CCCc1nc2c(C)cc(-c3nc4ccccc4n3C)cc2n1Cc1ccc(-c2ccccc2C(=O)O)cc1,vLess-DILI-Concern
5394,temozolomide,Cn1nnc2c(C(N)=O)ncn2c1=O,vLess-DILI-Concern
5403,terbutaline,CC(C)(C)NCC(O)c1cc(O)cc(O)c1,vLess-DILI-Concern
5426,thalidomide,O=C1CCC(N2C(=O)c3ccccc3C2=O)C(=O)N1,vLess-DILI-Concern
5452,thioridazine,CSc1ccc2c(c1)N(CCC1CCCCN1C)c1ccccc1S2,vLess-DILI-Concern
5479,tinidazole,CCS(=O)(=O)CCn1c([N+](=O)[O-])cnc1C,vLess-DILI-Concern
5503,tolazamide,Cc1ccc(S(=O)(=O)NC(=O)NN2CCCCCC2)cc1,vLess-DILI-Concern
5509,tolmetin,Cc1ccc(C(=O)c2ccc(CC(=O)O)n2C)cc1,vLess-DILI-Concern
5284627,topiramate,CC1(C)OC2COC3(COS(N)(=O)=O)OC(C)(C)OC3C2O1,vLess-DILI-Concern
5484727,trandolapril,CCOC(=O)C(CCc1ccccc1)NC(C)C(=O)N1C(C(=O)O)CC2CCCCC21,vLess-DILI-Concern
441233,tranylcypromine,NC1CC1c1ccccc1,vLess-DILI-Concern
5533,trazodone,O=c1n(CCCN2CCN(c3cccc(Cl)c3)CC2)nc2ccccn12,vLess-DILI-Concern
5546,triamterene,Nc1nc(N)c2nc(-c3ccccc3)c(N)nc2n1,vLess-DILI-Concern
5578,trimethoprim,COc1cc(Cc2cnc(N)nc2N)cc(OC)c1OC,vLess-DILI-Concern
60773,valaciclovir,CC(C)C(N)C(=O)OCCOCn1cnc2c(=O)[nH]c(N)nc21,vLess-DILI-Concern
60846,valsartan,CCCCC(=O)N(Cc1ccc(-c2ccccc2-c2nn[nH]n2)cc1)C(C(=O)O)C(C)C,vLess-DILI-Concern
5310966,varenicline,c1cnc2cc3c(cc2n1)C1CNCC3C1,vLess-DILI-Concern
5656,venlafaxine,COc1ccc(C(CN(C)C)C2(O)CCCCC2)cc1,vLess-DILI-Concern
5978,vincristine,CCC1(O)CC2CN(CCc3c([nH]c4ccccc34)C(C(=O)OC)(c3cc4c(cc3OC)N(C=O)C3C(O)(C(=O)OC)C(OC(C)=O)C5(CC)C=CCN6CCC43C65)C2)C1,vLess-DILI-Concern
6691,warfarin,CC(=O)CC(c1ccccc1)c1c(O)oc2ccccc2c1=O,vLess-DILI-Concern
60854,ziprasidone,O=C1Cc2cc(CCN3CCN(c4nsc5ccccc45)CC3)c(Cl)cc2N1,vLess-DILI-Concern
5734,zonisamide,NS(=O)(=O)Cc1noc2ccccc12,vLess-DILI-Concern
71771,aceclofenac,O=C(O)COC(=O)Cc1ccccc1Nc1c(Cl)cccc1Cl,vLess-DILI-Concern
2088,alendronate,NCCCC(O)(P(=O)(O)O)P(=O)(O)O,vLess-DILI-Concern
5493444,aliskiren,COCCCOc1cc(CC(CC(N)C(O)CC(C(=O)NCC(C)(C)C(N)=O)C(C)C)C(C)C)ccc1OC,vLess-DILI-Concern
3007,amphetamine,CC(N)Cc1ccccc1,vLess-DILI-Concern
2244,aspirin,CC(=O)Oc1ccccc1C(=O)O,vLess-DILI-Concern
7699,benzonatate,CCCCNc1ccc(C(=O)OCCOCCOCCOCCOCCOCCOCCOCCOCCOC)cc1,vLess-DILI-Concern
2710,chlorcyclizine,CN1CCN(C(c2ccccc2)c2ccc(Cl)cc2)CC1,vLess-DILI-Concern
2973,deferoxamine,CC(=O)N(O)CCCCCNC(=O)CCC(=O)N(O)CCCCCNC(=O)CCC(=O)N(O)CCCCCN,vLess-DILI-Concern
5281081,entacapone,CCN(CC)C(=O)C(C#N)=Cc1cc(O)c(O)c([N+](=O)[O-])c1,vLess-DILI-Concern
57363,finasteride,CC(C)(C)NC(=O)C1CCC2C3CCC4NC(=O)C=CC4(C)C3CCC12C,vLess-DILI-Concern
3385,fluorouracil,O=c1[nH]cc(F)c(=O)[nH]1,vLess-DILI-Concern
3038497,fospropofol,CC(C)c1cccc(C(C)C)c1OCOP(=O)([O-])[O-],vLess-DILI-Concern
3821,ketamine,CNC1(c2ccccc2Cl)CCCCC1=O,vLess-DILI-Concern
4091,metformin,CN(C)C(=N)N=C(N)N,vLess-DILI-Concern
4173,metronidazole,Cc1ncc([N+](=O)[O-])n1CCO,vLess-DILI-Concern
5746,mitomycin,COC12C(COC(N)=O)C3=C(C(=O)C(C)=C(N)C3=O)N1CC1NC12,vLess-DILI-Concern
4771,phentermine,CC(C)(N)Cc1ccccc1,vLess-DILI-Concern
6918456,prasugrel hydrochloride,CC(=O)Oc1cc2c(s1)CCN(C(C(=O)C1CC1)c1ccccc1F)C2,vLess-DILI-Concern
5486971,pregabalin,CC(C)CC(CN)CC(=O)O,vLess-DILI-Concern
5328,sulfamethizole,Cc1nnc(NS(=O)(=O)c2ccc(N)cc2)s1,vLess-DILI-Concern
129211,tamsulosin,CCOc1ccccc1OCCNC(C)Cc1ccc(OC)c(S(N)(=O)=O)c1,vLess-DILI-Concern
68740,zoledronate,O=P(O)(O)C(O)(Cn1ccnc1)P(=O)(O)O,vLess-DILI-Concern
187,acetylcholine chloride,CC(=O)OCC[N+](C)(C)C,vNo-DILI-Concern
12035,acetylcysteine,CC(=O)NC(CS)C(=O)O,vNo-DILI-Concern
60961,adenosine,Nc1ncnc2c1ncn2C1OC(CO)C(O)C1O,vNo-DILI-Concern
51263,alfentanil,CCC(=O)N(c1ccccc1)C1(COC)CCN(CCn2nnn(CC)c2=O)CC1,vNo-DILI-Concern
123606,almotriptan,CN(C)CCc1c[nH]c2ccc(CS(=O)(=O)N3CCCC3)cc12,vNo-DILI-Concern
5488548,alvimopan,CC1CN(CC(Cc2ccccc2)C(=O)NCC(=O)O)CCC1(C)c1cccc(O)c1,vNo-DILI-Concern
2131,ambenonium,CC[N+](CC)(CCNC(=O)C(=O)NCC[N+](CC)(CC)Cc1ccccc1Cl)Cc1ccccc1Cl,vNo-DILI-Concern
2141,amifostine,NCCCNCCSP(=O)(O)O,vNo-DILI-Concern
37768,amikacin,NCCC(O)C(=O)NC1CC(N)C(OC2OC(CN)C(O)C(O)C2O)C(O)C1OC1OC(CO)C(O)C(N)C1O,vNo-DILI-Concern
564,aminocaproic acid,NCCCCCC(=O)O,vNo-DILI-Concern
2148,aminohippurate,Nc1ccc(C(=O)NCC(=O)O)cc1,vNo-DILI-Concern
6005,apomorphine,CN1CCc2cccc3c2C1Cc1ccc(O)c(O)c1-3,vNo-DILI-Concern
152951,argatroban,CC1CNc2c(cccc2S(=O)(=O)NC(CCCN=C(N)N)C(=O)N2CCC(C)CC2C(=O)O)C1,vNo-DILI-Concern
47319,atracurium,COc1ccc(CC2c3cc(OC)c(OC)cc3CC[N+]2(C)CCC(=O)OCCCCCOC(=O)CC[N+]2(C)CCc3cc(OC)c(OC)cc3C2Cc2ccc(OC)c(OC)c2)cc1OC,vNo-DILI-Concern
174174,atropine,CN1C2CCC1CC(OC(=O)C(CO)c1ccccc1)C2,vNo-DILI-Concern
65628,bendamustine,Cn1c(CCCC(=O)O)nc2cc(N(CCCl)CCCl)ccc21,vNo-DILI-Concern
2341,benzphetamine,CC(Cc1ccccc1)N(C)Cc1ccccc1,vNo-DILI-Concern
6832,benztropine,CN1C2CCC1CC(OC(c1ccccc1)c1ccccc1)C2,vNo-DILI-Concern
119212,benzylpenicilloyl polylysine,CC1(C)SC(C(NC(=O)Cc2ccccc2)C(=O)NCCCCCC(=O)O)NC1C(=O)O,vNo-DILI-Concern
247,betaine,C[N+](C)(C)CC(=O)[O-],vNo-DILI-Concern
2370,bethanechol,CC(C[N+](C)(C)C)OC(N)=O,vNo-DILI-Concern
2381,biperiden,OC(CCN1CCCCC1)(c1ccccc1)C1CC2C=CC1C2,vNo-DILI-Concern
2391,bisacodyl,CC(=O)Oc1ccc(C(c2ccc(OC(C)=O)cc2)c2ccccn2)cc1,vNo-DILI-Concern
6834,brompheniramine,CN(C)CCC(c1ccc(Br)cc1)c1ccccn1,vNo-DILI-Concern
63006,budesonide,CCCC1OC2CC3C4CCC5=CC(=O)C=CC5(C)C4C(O)CC3(C)C2(C(=O)CO)O1,vNo-DILI-Concern
5361092,butorphanol,Oc1ccc2c(c1)C13CCCCC1(O)C(C2)N(CC1CCC1)CC3,vNo-DILI-Concern
54746,cabergoline,C=CCN1CC(C(=O)N(CCCN(C)C)C(=O)NCC)CC2c3cccc4[nH]cc(c34)CC21,vNo-DILI-Concern
2519,caffeine,Cn1c(=O)c2c(ncn2C)n(C)c1=O,vNo-DILI-Concern
134070,calcitriol,C=C1C(=CC=C2CCCC3(C)C2CCC3C(C)CCCC(C)(C)O)CC(O)CC1O,vNo-DILI-Concern
2564,carbinoxamine,CN(C)CCOC(c1ccc(Cl)cc1)c1ccccn1,vNo-DILI-Concern
5284525,carboprost tromethamine,CCCCCC(C)(O)C=CC1C(O)CC(O)C1CC=CCCCC(=O)O,vNo-DILI-Concern
2576,carisoprodol,CCCC(C)(COC(N)=O)COC(=O)NC(C)C,vNo-DILI-Concern
298,chloramphenicol,O=C(NC(CO)C(O)c1ccc([N+](=O)[O-])cc1)C(Cl)Cl,vNo-DILI-Concern
2725,chlorpheniramine,CN(C)CCC(c1ccc(Cl)cc1)c1ccccn1,vNo-DILI-Concern
156419,cinacalcet,CC(NCCCc1cccc(C(F)(F)F)c1)c1cccc2ccccc12,vNo-DILI-Concern
62886,cisatracurium besylate,COc1ccc(CC2c3cc(OC)c(OC)cc3CC[N+]2(C)CCC(=O)OCCCCCOC(=O)CC[N+]2(C)CCc3cc(OC)c(OC)cc3C2Cc2ccc(OC)c(OC)c2)cc1OC,vNo-DILI-Concern
26987,clemastine,CN1CCCC1CCOC(C)(c1ccccc1)c1ccc(Cl)cc1,vNo-DILI-Concern
153994,clevidipine,CCCC(=O)OCOC(=O)C1=C(C)NC(C)=C(C(=O)OC)C1c1cccc(Cl)c1Cl,vNo-DILI-Concern
5284371,codeine,COc1ccc2c3c1OC1C(O)C=CC4C(C2)N(C)CCC341,vNo-DILI-Concern
151171,conivaptan,Cc1nc2c([nH]1)CCN(C(=O)c1ccc(NC(=O)c3ccccc3-c3ccccc3)cc1)c1ccccc1-2,vNo-DILI-Concern
5745,cortisone acetate,CC(=O)OCC(=O)C1(O)CCC2C3CCC4=CC(=O)CCC4(C)C3C(=O)CC21C,vNo-DILI-Concern
444031,darifenacin,NC(=O)C(c1ccccc1)(c1ccccc1)C1CCN(CCc2ccc3c(c2)CCO3)C1,vNo-DILI-Concern
30323,daunorubicin,COc1cccc2c1C(=O)c1c(O)c3c(c(O)c1C2=O)CC(O)(C(C)=O)CC3OC1CC(N)C(O)C(C)O1,vNo-DILI-Concern
4678,dexpanthenol,CC(C)(CO)C(O)C(=O)NCCCO,vNo-DILI-Concern
5360696,dextromethorphan,COc1ccc2c(c1)C13CCCCC1C(C2)N(C)CC3,vNo-DILI-Concern
5793,dextrose,OCC1OC(O)C(O)C(O)C1O,vNo-DILI-Concern
2140,diatrizoate,CC(=O)Nc1c(I)c(NC(C)=O)c(I)c(C(=O)O)c1I,vNo-DILI-Concern
3038,dichlorphenamide,NS(=O)(=O)c1cc(Cl)c(Cl)c(S(N)(=O)=O)c1,vNo-DILI-Concern
3042,dicyclomine,CCN(CC)CCOC(=O)C1(C2CCCCC2)CCCCC1,vNo-DILI-Concern
7029,diethylpropion,CCN(CC)C(C)C(=O)c1ccccc1,vNo-DILI-Concern
30322,digoxin,CC1OC(OC2C(O)CC(OC3C(O)CC(OC4CCC5(C)C(CCC6C5CC(O)C5(C)C(C7=CC(=O)OC7)CCC65O)C4)OC3C)OC2C)CC(O)C1O,vNo-DILI-Concern
10531,dihydroergotamine,CN1CC(C(=O)NC2(C)OC3(O)C4CCCN4C(=O)C(Cc4ccccc4)N3C2=O)CC2c3cccc4[nH]cc(c34)CC21,vNo-DILI-Concern
3080,dimercaprol,OCC(S)CS,vNo-DILI-Concern
3100,diphenhydramine,CN(C)CCOC(c1ccccc1)c1ccccc1,vNo-DILI-Concern
13505,diphenoxylate,CCOC(=O)C1(c2ccccc2)CCN(CCC(C#N)(c2ccccc2)c2ccccc2)CC1,vNo-DILI-Concern
36811,dobutamine,CC(CCc1ccc(O)cc1)NCCc1ccc(O)c(O)c1,vNo-DILI-Concern
71329,dofetilide,CN(CCOc1ccc(NS(C)(=O)=O)cc1)CCc1ccc(NS(C)(=O)=O)cc1,vNo-DILI-Concern
681,dopamine,NCCc1ccc(O)c(O)c1,vNo-DILI-Concern
3156,doxapram,CCN1CC(CCN2CCOCC2)C(c2ccccc2)(c2ccccc2)C1=O,vNo-DILI-Concern
3162,doxylamine,CN(C)CCOC(C)(c1ccccc1)c1ccccn1,vNo-DILI-Concern
3168,droperidol,O=C(CCCN1CC=C(n2c(=O)[nH]c3ccccc32)CC1)c1ccc(F)cc1,vNo-DILI-Concern
152945,dutasteride,CC12C=CC(=O)NC1CCC1C2CCC2(C)C(C(=O)Nc3cc(C(F)(F)F)ccc3C(F)(F)F)CCC12,vNo-DILI-Concern
3182,dyphylline,Cn1c(=O)c2c(ncn2CC(O)CO)n(C)c1=O,vNo-DILI-Concern
3202,edrophonium,CC[N+](C)(C)c1cccc(O)c1,vNo-DILI-Concern
9294,ephedrine,CNC(C)C(O)c1ccccc1,vNo-DILI-Concern
5816,epinephrine,CNCC(O)c1ccc(O)c(O)c1,vNo-DILI-Concern
127893,epoetin alfa,O=C(CNC(=O)c1ccccc1)CC(Cc1ccccc1)C(=O)O,vNo-DILI-Concern
123610,eptifibatide,NC(=O)C1CSSCCC(=O)NC(CCCCN=C(N)N)C(=O)NCC(=O)NC(CC(=O)O)C(=O)NC(Cc2c[nH]c3ccccc23)C(=O)N2CCCC2C(=O)N1,vNo-DILI-Concern
5280793,ergocalciferol,C=C1CCC(O)CC1=CC=C1CCCC2(C)C1CCC2C(C)C=CC(C)C(C)C,vNo-DILI-Concern
59768,esmolol,COC(=O)CCc1ccc(OCC(O)CNC(C)C)cc1,vNo-DILI-Concern
3261,estazolam,Clc1ccc2c(c1)C(c1ccccc1)=NCc1nncn1-2,vNo-DILI-Concern
3305,etidronic acid,CC(O)(P(=O)(O)O)P(=O)(O)O,vNo-DILI-Concern
36339,etomidate,CCOC(=O)c1cncn1C(C)c1ccccc1,vNo-DILI-Concern
9552071,exametazime,CC(=NO)C(C)NCC(C)(C)CNC(C)C(C)=NO,vNo-DILI-Concern
3341,fenoldopam,Oc1ccc(C2CNCCc3c2cc(O)c(O)c3Cl)cc1,vNo-DILI-Concern
9849808,fesoterodine,CC(C)C(=O)Oc1ccc(CO)cc1C(CCN(C(C)C)C(C)C)c1ccccc1,vNo-DILI-Concern
3348,fexofenadine,CC(C)(C(=O)O)c1ccc(C(O)CCCN2CCC(C(O)(c3ccccc3)c3ccccc3)CC2)cc1,vNo-DILI-Concern
3354,flavoxate,Cc1c(-c2ccccc2)oc2c(C(=O)OCCN3CCCCC3)cccc2c1=O,vNo-DILI-Concern
30751,fludarabine,Nc1nc(F)nc2c1ncn2C1OC(COP(=O)(O)O)C(O)C1O,vNo-DILI-Concern
31378,fludrocortisone,CC12CCC(=O)C=C1CCC1C3CCC(O)(C(=O)CO)C3(C)CC(O)C12F,vNo-DILI-Concern
3373,flumazenil,CCOC(=O)c1ncn2c1CN(C)C(=O)c1cc(F)ccc1-2,vNo-DILI-Concern
16850,fluorescein,O=C1OC2(c3ccc(O)cc3Oc3cc(O)ccc32)c2ccccc21,vNo-DILI-Concern
6037,folic acid,Nc1nc2ncc(CNc3ccc(C(=O)NC(CCC(=O)O)C(=O)O)cc3)nc2c(=O)[nH]1,vNo-DILI-Concern
77992,frovatriptan,CNC1CCc2[nH]c3ccc(C(N)=O)cc3c2C1,vNo-DILI-Concern
6918204,gadobenate dimeglumine,O=C(O)CN(CCN(CC(=O)O)CC(=O)O)CCN(CC(=O)O)C(COCc1ccccc1)C(=O)O,vNo-DILI-Concern
158440,gadofosveset trisodium,O=C([O-])CN(CCN(CC(=O)O)CC(COP(=O)(O)OC1CCC(c2ccccc2)(c2ccccc2)CC1)N(CC(=O)[O-])CC(=O)[O-])CC(=O)O,vNo-DILI-Concern
60714,gadoteridol,CC(O)CN1CCN(CC(=O)O)CCN(CC(=O)O)CCN(CC(=O)O)CC1,vNo-DILI-Concern
444013,gadoversetamide,COCCNC(=O)CN(CCN(CCN(CC(=O)O)CC(=O)NCCOC)CC(=O)O)CC(=O)O,vNo-DILI-Concern
23663870,gamma hydroxybutyric acid,O=C([O-])CCCO,vNo-DILI-Concern
3494,glycopyrrolate,C[N+]1(C)CCC(OC(=O)C(O)(c2ccccc2)C2CCCC2)C1,vNo-DILI-Concern
3516,guaifenesin,COc1ccccc1OCC(O)CO,vNo-DILI-Concern
3518,guanethidine,NC(N)=NCCN1CCCCCCC1,vNo-DILI-Concern
65513,histamine diphosphate,NCCc1cnc[nH]1,vNo-DILI-Concern
5754,hydrocortisone,CC12CCC(=O)C=C1CCC1C2C(O)CC2(C)C1CCC2(O)C(=O)CO,vNo-DILI-Concern
3658,hydroxyzine,OCCOCCN1CCN(C(c2ccccc2)c2ccc(Cl)cc2)CC1,vNo-DILI-Concern
60852,ibandronate,CCCCCN(C)CCC(O)(P(=O)(O)O)P(=O)(O)O,vNo-DILI-Concern
60753,ibutilide,CCCCCCCN(CC)CCCC(O)c1ccc(NS(C)(=O)=O)cc1,vNo-DILI-Concern
19190,indocyanine green,CC1(C)C(=CC=CC=CC=CC2=[N+](CCCCS(=O)(=O)[O-])c3ccc4ccccc4c3C2(C)C)N(CCCCS(=O)(=O)[O-])c2ccc3ccccc3c21,vNo-DILI-Concern
3737,iothalamate sodium,CNC(=O)c1c(I)c(NC(C)=O)c(I)c(C(=O)O)c1I,vNo-DILI-Concern
3741,ioversol,O=C(NCC(O)CO)c1c(I)c(C(=O)NCC(O)CO)c(I)c(N(CCO)C(=O)CO)c1I,vNo-DILI-Concern
3779,isoproterenol,CC(C)NCC(O)c1ccc(O)c(O)c1,vNo-DILI-Concern
6883,isosorbide dinitrate,O=[N+]([O-])OC1COC2C(O[N+](=O)[O-])COC12,vNo-DILI-Concern
3783,isoxsuprine,CC(COc1ccccc1)NC(C)C(O)c1ccc(O)cc1,vNo-DILI-Concern
6032,kanamycin,NCC1OC(OC2C(N)CC(N)C(OC3OC(CO)C(O)C(N)C3O)C2O)C(O)C(O)C1O,vNo-DILI-Concern
11333,lactulose,OCC1OC(OC2C(CO)OC(O)(CO)C2O)C(O)C(O)C1O,vNo-DILI-Concern
6322,l-arginine,NC(N)=NCCCC(N)C(=O)O,vNo-DILI-Concern
10917,l-carnitine,C[N+](C)(C)CC(O)CC(=O)[O-],vNo-DILI-Concern
54575,leucovorin,Nc1nc2c(c(=O)[nH]1)N(C=O)C(CNc1ccc(C(=O)NC(CCC(=O)O)C(=O)O)cc1)CN2,vNo-DILI-Concern
15341110,levomefolate calcium,CN1c2c(nc(N)[nH]c2=O)NCC1CNc1ccc(C(=O)NC(CCC(=O)O)C(=O)O)cc1,vNo-DILI-Concern
13109,levonorgestrel,C#CC1(O)CCC2C3CCC4=CC(=O)CCC4C3CCC21CC,vNo-DILI-Concern
5359272,levorphanol,CN1CCC23CCCCC2C1Cc1ccc(O)cc13,vNo-DILI-Concern
3676,lidocaine,CCN(CC)CC(=O)Nc1c(C)cccc1C,vNo-DILI-Concern
5920,liothyronine,NC(Cc1cc(I)c(Oc2ccc(O)c(I)c2)c(I)c1)C(=O)O,vNo-DILI-Concern
6137,l-methionine,CSCCC(N)C(=O)O,vNo-DILI-Concern
3955,loperamide,CN(C)C(=O)C(CCN1CCC(O)(c2ccc(Cl)cc2)CC1)(c1ccccc1)c1ccccc1,vNo-DILI-Concern
3957,loratadine,CCOC(=O)N1CCC(=C2c3ccc(Cl)cc3CCc3cccnc32)CC1,vNo-DILI-Concern
656719,lubiprostone,CCCCC(F)(F)C1(O)CCC2C(CC(=O)C2CCCCCCC(=O)O)O1,vNo-DILI-Concern
453,mannitol,OCC(O)C(O)C(O)C(O)CO,vNo-DILI-Concern
4032,mecamylamine,CNC1(C)C2CCC(C2)C1(C)C,vNo-DILI-Concern
4034,meclizine,Cc1cccc(CN2CCN(C(c3ccccc3)c3ccc(Cl)cc3)CC2)c1,vNo-DILI-Concern
4057,mepenzolate,C[N+]1(C)CCCC(OC(=O)C(O)(c2ccccc2)c2ccccc2)C1,vNo-DILI-Concern
4058,meperidine,CCOC(=O)C1(c2ccccc2)CCN(C)CC1,vNo-DILI-Concern
4062,mepivacaine,Cc1cccc(C)c1NC(=O)C1CCCCN1C,vNo-DILI-Concern
4064,meprobamate,CCCC(C)(COC(N)=O)COC(N)=O,vNo-DILI-Concern
10836,methamphetamine,CNC(C)Cc1ccccc1,vNo-DILI-Concern
6476,methsuximide,CN1C(=O)CC(C)(c2ccccc2)C1=O,vNo-DILI-Concern
8226,methylergonovine,CCC(CO)NC(=O)C1C=C2c3cccc4[nH]cc(c34)CC2N(C)C1,vNo-DILI-Concern
5361917,methylnaltrexone bromide,C[N+]1(CC2CC2)CCC23c4c5ccc(O)c4OC2C(=O)CCC3(O)C1C5,vNo-DILI-Concern
4120,methylscopolamine bromide,C[N+]1(C)C2CC(OC(=O)C(CO)c3ccccc3)CC1C1OC12,vNo-DILI-Concern
9681,methysergide,CCC(CO)NC(=O)C1C=C2c3cccc4c3c(cn4C)CC2N(C)C1,vNo-DILI-Concern
4174,metyrapone,CC(C)(C(=O)c1cccnc1)c1cccnc1,vNo-DILI-Concern
441350,metyrosine,CC(N)(Cc1ccc(O)cc1)C(=O)O,vNo-DILI-Concern
4192,midazolam,Cc1ncc2n1-c1ccc(Cl)cc1C(c1ccccc1F)=NC2,vNo-DILI-Concern
4195,midodrine,COc1ccc(OC)c(C(O)CNC(=O)CN)c1,vNo-DILI-Concern
55245,mifepristone,CC#CC1(O)CCC2C3CCC4=CC(=O)CCC4=C3C(c3ccc(N(C)C)cc3)CC21C,vNo-DILI-Concern
441314,miglitol,OCCN1CC(O)C(O)C(O)C1CO,vNo-DILI-Concern
51634,miglustat,CCCCN1CC(O)C(O)C(O)C1CO,vNo-DILI-Concern
4201,minoxidil,N=c1nc(N2CCCCC2)cc(N)n1O,vNo-DILI-Concern
4211,mitotane,Clc1ccc(C(c2ccccc2Cl)C(Cl)Cl)cc1,vNo-DILI-Concern
5288826,morphine,CN1CCC23c4c5ccc(O)c4OC2C(O)C=CC3C1C5,vNo-DILI-Concern
5284592,nabilone,CCCCCCC(C)(C)c1cc(O)c2c(c1)OC(C)(C)C1CCC(=O)CC21,vNo-DILI-Concern
5360630,nalbuphine,Oc1ccc2c3c1OC1C(O)CCC4(O)C(C2)N(CC2CCC2)CCC314,vNo-DILI-Concern
5284596,naloxone,C=CCN1CCC23c4c5ccc(O)c4OC2C(=O)CCC3(O)C1C5,vNo-DILI-Concern
4454,neomycin,NCC1OC(OC2C(CO)OC(OC3C(O)C(N)CC(N)C3OC3OC(CN)C(O)C(O)C3N)C2O)C(N)C(O)C1O,vNo-DILI-Concern
41684,nitazoxanide,CC(=O)Oc1ccccc1C(=O)Nc1ncc([N+](=O)[O-])s1,vNo-DILI-Concern
4510,nitroglycerin,O=[N+]([O-])OCC(CO[N+](=O)[O-])O[N+](=O)[O-],vNo-DILI-Concern
439260,norepinephrine,NCC(O)c1ccc(O)c(O)c1,vNo-DILI-Concern
541197,norethindrone acetate,C#CC1(OC(C)=O)CCC2C3CCC4=CC(=O)CCC4C3CCC21C,vNo-DILI-Concern
11953884,nystatin,CC1C=CC=CCCC=CC=CC=CC=CC(OC2OC(C)C(O)C(N)C2O)CC(O)C(C(=O)O)C(O)CC(=O)CC(O)C(O)CCC(O)CC(O)CC(O)CC(=O)OC(C)C(C)C1O,vNo-DILI-Concern
4086,orciprenaline,CC(C)NCC(O)c1cc(O)cc(O)c1,vNo-DILI-Concern
4601,orphenadrine,Cc1ccccc1C(OCCN(C)C)c1ccccc1,vNo-DILI-Concern
4634,oxybutynin,CCN(CC)CC#CCOC(=O)C(O)(c1ccccc1)C1CCCCC1,vNo-DILI-Concern
5284603,oxycodone,COc1ccc2c3c1OC1C(=O)CCC4(O)C(C2)N(C)CCC314,vNo-DILI-Concern
5284604,oxymorphone,CN1CCC23c4c5ccc(O)c4OC2C(=O)CCC3(O)C1C5,vNo-DILI-Concern
115237,paliperidone,Cc1nc2n(c(=O)c1CCN1CCC(c3noc4cc(F)ccc34)CC1)CCCC2O,vNo-DILI-Concern
11806,pamabrom,Cn1c(=O)c2[nH]c(Br)nc2n(C)c1=O,vNo-DILI-Concern
27350,pancuronium,CC(=O)OC1CC2CCC3C(CCC4(C)C3CC([N+]3(C)CCCCC3)C4OC(C)=O)C2(C)CC1[N+]1(C)CCCCC1,vNo-DILI-Concern
165580,paromomycin,NCC1OC(OC2C(CO)OC(OC3C(O)C(N)CC(N)C3OC3OC(CO)C(O)C(O)C3N)C2O)C(N)C(O)C1O,vNo-DILI-Concern
22879211,pegfilgrastim,COc1ccc(N(C)C)cc1CNC1CCCNC1c1ccccc1,vNo-DILI-Concern
37464,penbutolol,CC(C)(C)NCC(O)COc1ccccc1C1CCCC1,vNo-DILI-Concern
6869,penicillin v,CC1(C)SC2C(NC(=O)COc3ccccc3)C(=O)N2C1C(=O)O,vNo-DILI-Concern
444007,pentagastrin,CSCCC(NC(=O)C(Cc1c[nH]c2ccccc12)NC(=O)CCNC(=O)OCC(C)C)C(=O)NC(CC(=O)O)C(=O)NC(Cc1ccccc1)C(N)=O,vNo-DILI-Concern
441278,pentazocine,CC(C)=CCN1CCC2(C)c3cc(O)ccc3CC1C2C,vNo-DILI-Concern
3053,pentetic acid,O=C(O)CN(CCN(CC(=O)O)CC(=O)O)CCN(CC(=O)O)CC(=O)O,vNo-DILI-Concern
6432,perflutren,FC(F)(F)C(F)(F)C(F)(F)F,vNo-DILI-Concern
12460,phendimetrazine,CC1C(c2ccccc2)OCCN1C,vNo-DILI-Concern
4768,phenoxybenzamine,CC(COc1ccccc1)N(CCCl)Cc1ccccc1,vNo-DILI-Concern
5775,phentolamine,Cc1ccc(N(CC2=NCCN2)c2cccc(O)c2)cc1,vNo-DILI-Concern
5983,physostigmine,CNC(=O)Oc1ccc2c(c1)C1(C)CCN(C)C1N2C,vNo-DILI-Concern
4812,phytonadione,CC(=CCC1=C(C)C(=O)c2ccccc2C1=O)CCCC(C)CCCC(C)CCCC(C)C,vNo-DILI-Concern
16362,pimozide,O=c1[nH]c2ccccc2n1C1CCN(CCCC(c2ccc(F)cc2)c2ccc(F)cc2)CC1,vNo-DILI-Concern
4828,pindolol,CC(C)NCC(O)COc1cccc2[nH]ccc12,vNo-DILI-Concern
65015,plerixafor,c1cc(CN2CCCNCCNCCCNCC2)ccc1CN1CCCNCCNCCCNCC1,vNo-DILI-Concern
4908,primaquine,COc1cc(NC(C)CCCN)c2ncccc2c1,vNo-DILI-Concern
4909,primidone,CCC1(c2ccccc2)C(=O)NCNC1=O,vNo-DILI-Concern
4919,procyclidine,OC(CCN1CCCC1)(c1ccccc1)C1CCCCC1,vNo-DILI-Concern
4934,propantheline,CC(C)[N+](C)(CCOC(=O)C1c2ccccc2Oc2ccccc21)C(C)C,vNo-DILI-Concern
638678,protirelin,NC(=O)C1CCCN1C(=O)C(Cc1cnc[nH]1)NC(=O)C1CCC(=O)N1,vNo-DILI-Concern
4976,protriptyline,CNCCCC1c2ccccc2C=Cc2ccccc21,vNo-DILI-Concern
7028,pseudoephedrine,CNC(C)C(O)c1ccccc1,vNo-DILI-Concern
708857,pyrantel,CN1CCCN=C1C=Cc1cccs1,vNo-DILI-Concern
4991,pyridostigmine,CN(C)C(=O)Oc1ccc[n+](C)c1,vNo-DILI-Concern
1054,pyridoxine,Cc1ncc(CO)c(CO)c1O,vNo-DILI-Concern
4999,quazepam,Fc1ccccc1C1=NCC(=S)N(CC(F)(F)F)c2ccc(Cl)cc21,vNo-DILI-Concern
5035,raloxifene,O=C(c1ccc(OCCN2CCCCC2)cc1)c1c(-c2ccc(O)cc2)sc2cc(O)ccc12,vNo-DILI-Concern
208902,ramelteon,CCC(=O)NCCC1CCc2ccc3c(c21)CCO3,vNo-DILI-Concern
56959,ranolazine,COc1ccccc1OCC(O)CN1CCN(CC(=O)Nc2c(C)cccc2C)CC1,vNo-DILI-Concern
219024,regadenoson,CNC(=O)c1cnn(-c2nc(N)c3ncn(C4OC(CO)C(O)C4O)c3n2)c1,vNo-DILI-Concern
5770,reserpine,COC(=O)C1C2CC3c4[nH]c5cc(OC)ccc5c4CCN3CC2CC(OC(=O)c2cc(OC)c(OC)c(OC)c2)C1OC,vNo-DILI-Concern
6759,riboflavin,Cc1cc2nc3c(=O)[nH]c(=O)nc-3n(CC(O)C(O)C(O)CO)c2cc1C,vNo-DILI-Concern
5071,rimantadine,CC(N)C12CC3CC(CC(C3)C1)C2,vNo-DILI-Concern
5078,rizatriptan,CN(C)CCc1c[nH]c2ccc(Cn3cncn3)cc12,vNo-DILI-Concern
441290,rocuronium,C=CC[N+]1(C2CC3C4CCC5CC(O)C(N6CCOCC6)CC5(C)C4CCC3(C)C2OC(C)=O)CCCC1,vNo-DILI-Concern
5352062,romidepsin,CC=C1NC(=O)C2CSSCCC=CC(CC(=O)NC(C(C)C)C(=O)N2)OC(=O)C(C(C)C)NC1=O,vNo-DILI-Concern
2083,salbutamol,CC(C)(C)NCC(O)c1ccc(O)c(CO)c1,vNo-DILI-Concern
49800073,saxagliptin,N#CC1CC2CC2N1C(=O)C(N)C12CC3CC(CC(O)(C3)C1)C2,vNo-DILI-Concern
5184,scopolamine,CN1C2CC(OC(=O)C(CO)c3ccccc3)CC1C1OC12,vNo-DILI-Concern
26757,selegiline,C#CCN(C)C(C)Cc1ccccc1,vNo-DILI-Concern
23701736,sodium lactate,CC(O)C(=O)[O-],vNo-DILI-Concern
169893,Sodium polystyrene sulfonate,C=Cc1ccccc1S(=O)(=O)O,vNo-DILI-Concern
82170,sorbitol,OCC(O)C(O)C(O)C(O)CO,vNo-DILI-Concern
19649,streptomycin,CNC1C(OC2C(OC3C(O)C(O)C(N=C(N)N)C(O)C3N=C(N)N)OC(C)C2(O)C=O)OC(CO)C(O)C1O,vNo-DILI-Concern
5314,succinylcholine,C[N+](C)(C)CCOC(=O)CCC(=O)OCC[N+](C)(C)C,vNo-DILI-Concern
6398588,sucralfate,O=S(=O)(O)OCC1OC(OC2(COS(=O)(=O)O)OC(OS(=O)(=O)O)C(OS(=O)(=O)O)C2OS(=O)(=O)O)C(OS(=O)(=O)O)C(OS(=O)(=O)O)C1OS(=O)(=O)O,vNo-DILI-Concern
41693,sufentanil,CCC(=O)N(c1ccccc1)C1(COC)CCN(CCc2cccs2)CC1,vNo-DILI-Concern
6433091,tapentadol,CCC(c1cccc(O)c1)C(C)CN(C)C,vNo-DILI-Concern
5401,terazosin,COc1cc2nc(N3CCN(C(=O)C4CCCO4)CC3)nc(N)c2cc1OC,vNo-DILI-Concern
1125,tetrahydrobiopterin,CC(O)C(O)C1CNc2nc(N)[nH]c(=O)c2N1,vNo-DILI-Concern
2153,theophylline,Cn1c(=O)c2[nH]cnc2n(C)c1=O,vNo-DILI-Concern
1130,thiamine,Cc1ncc(C[n+]2csc(CCO)c2C)c(N)n1,vNo-DILI-Concern
60937,tiludronate,O=P(O)(O)C(Sc1ccc(Cl)cc1)P(=O)(O)O,vNo-DILI-Concern
60947,tirofiban,CCCCS(=O)(=O)NC(Cc1ccc(OCCCCC2CCNCC2)cc1)C(=O)O,vNo-DILI-Concern
60774,tolterodine,Cc1ccc(O)c(C(CCN(C(C)C)C(C)C)c2ccccc2)c1,vNo-DILI-Concern
60700,topotecan,CCC1(O)C(=O)OCc2c1cc1n(c2=O)Cc2cc3c(CN(C)C)c(O)ccc3nc2-1,vNo-DILI-Concern
5526,tranexamic acid,NCC1CCC(C(=O)O)CC1,vNo-DILI-Concern
71433,trientine hydrochloride,NCCNCCNCCN,vNo-DILI-Concern
5572,trihexyphenidyl,OC(CCN1CCCCC1)(c1ccccc1)C1CCCCC1,vNo-DILI-Concern
5282443,triprolidine,Cc1ccc(C(=CCN2CCCC2)c2ccccn2)cc1,vNo-DILI-Concern
3034812,trospium,O=C(OC1CC2CCC(C1)[N+]21CCCC1)C(O)(c1ccccc1)c1ccccc1,vNo-DILI-Concern
5610,tyramine,NCCc1ccc(O)cc1,vNo-DILI-Concern
62819,urofollitropin,CCC(C)C1NC(=O)C(Cc2ccc(O)cc2)NC(=O)C(N)CSSCC(C(=O)N2CCCC2C(=O)NC(CC(C)C)C(=O)NCC(N)=O)NC(=O)C(CC(N)=O)NC(=O)C(C(C)O)NC1=O,vNo-DILI-Concern
39764,vecuronium,CC(=O)OC1CC2CCC3C(CCC4(C)C3CC([N+]3(C)CCCCC3)C4OC(C)=O)C2(C)CC1N1CCCCC1,vNo-DILI-Concern
13342,vinblastine,CCC1(O)CC2CN(CCc3c([nH]c4ccccc34)C(C(=O)OC)(c3cc4c(cc3OC)N(C)C3C(O)(C(=O)OC)C(OC(C)=O)C5(CC)C=CCN6CCC43C65)C2)C1,vNo-DILI-Concern
54678501,vitamin c,O=C1OC(C(O)CO)C(=O)C1O,vNo-DILI-Concern
14985,vitamin e,Cc1c(C)c2c(c(C)c1O)CCC(C)(CCCC(C)CCCC(C)CCCC(C)C)O2,vNo-DILI-Concern
5311,vorinostat,O=C(CCCCCCC(=O)Nc1ccccc1)NO,vNo-DILI-Concern
5719,zaleplon,CCN(C(C)=O)c1cccc(-c2ccnc3c(C#N)cnn23)c1,vNo-DILI-Concern
1990,acetohydroxamic acid,CC(=O)NO,Ambiguous DILI-concern
2130,amantadine,NC12CC3CC(CC(C3)C1)C2,Ambiguous DILI-concern
65016,amprenavir,CC(C)CN(CC(O)C(Cc1ccccc1)NC(=O)OC1CCOC1)S(=O)(=O)c1ccc(N)cc1,Ambiguous DILI-concern
2182,anagrelide,O=C1CN2Cc3c(ccc(Cl)c3Cl)NC2=N1,Ambiguous DILI-concern
9690109,armodafinil,NC(=O)C[S+]([O-])C(c1ccccc1)c1ccccc1,Ambiguous DILI-concern
74989,atovaquone,O=C1C(=O)C(C2CCC(c3ccc(Cl)cc3)CC2)C(=O)c2ccccc21,Ambiguous DILI-concern
9444,azacitidine,Nc1ncn(C2OC(CO)C(O)C2O)c(=O)n1,Ambiguous DILI-concern
2471,bumetanide,CCCCNc1cc(C(=O)O)cc(S(N)(=O)=O)c1Oc1ccccc1,Ambiguous DILI-concern
60953,capecitabine,CCCCCOC(=O)Nc1nc(=O)n(C2OC(C)C(O)C2O)cc1F,Ambiguous DILI-concern
34359,carbidopa,CC(Cc1ccc(O)c(O)c1)(NN)C(=O)O,Ambiguous DILI-concern
441199,cefoxitin,COC1(NC(=O)Cc2cccs2)C(=O)N2C(C(=O)O)=C(COC(N)=O)CSC21,Ambiguous DILI-concern
10133,chenodiol,CC(CCC(=O)O)C1CCC2C3C(O)CC4CC(O)CCC4(C)C3CCC12C,Ambiguous DILI-concern
20279,cladribine,Nc1nc(Cl)nc2c1ncn2C1CC(O)C(CO)O1,Ambiguous DILI-concern
443385,clindamycin-2-phosphate,CCCC1CC(C(=O)NC(C(C)Cl)C2OC(SC)C(OP(=O)(O)O)C(O)C2O)N(C)C1,Ambiguous DILI-concern
119182,clofarabine,Nc1nc(Cl)nc2c1ncn2C1OC(CO)C(O)C1F,Ambiguous DILI-concern
2809,clorazepate,O=C(O)C1N=C(c2ccccc2)c2cc(Cl)ccc2NC1=O,Ambiguous DILI-concern
401,cycloserine,NC1CONC1=O,Ambiguous DILI-concern
54680690,demeclocycline,CN(C)C1C(=O)C(C(N)=O)C(=O)C2(O)C(=O)C3C(=O)c4c(O)ccc(Cl)c4C(O)C3CC12,Ambiguous DILI-concern
3019,diazoxide,CC1=NS(=O)(=O)c2cc(Cl)ccc2N1,Ambiguous DILI-concern
3108,dipyridamole,OCCN(CCO)c1nc(N2CCCCC2)c2nc(N(CCO)CCO)nc(N3CCCCC3)c2n1,Ambiguous DILI-concern
60877,emtricitabine,Nc1nc(=O)n(C2CSC(CO)O2)cc1F,Ambiguous DILI-concern
153941,entecavir,C=C1C(CO)C(O)CC1n1cnc2c(=O)[nH]c(N)nc21,Ambiguous DILI-concern
41867,epirubicin,COc1cccc2c1C(=O)c1c(O)c3c(c(O)c1C2=O)CC(O)(C(=O)CO)CC3OC1CC(N)C(O)C(C)O1,Ambiguous DILI-concern
150610,ertapenem,CC(O)C1C(=O)N2C(C(=O)O)=C(SC3CNC(C(=O)Nc4cccc(C(=O)O)c4)C3)C(C)C12,Ambiguous DILI-concern
5870,estrone,CC12CCC3c4ccc(O)cc4CCC3C1CCC2=O,Ambiguous DILI-concern
3291,ethosuximide,CCC1(C)CC(=O)NC1=O,Ambiguous DILI-concern
3292,ethotoin,CCN1C(=O)NC(c2ccccc2)C1=O,Ambiguous DILI-concern
40976,etonogestrel,C#CC1(O)CCC2C3CCC4=CC(=O)CCC4C3C(=C)CC21CC,Ambiguous DILI-concern
64928,fenofibric acid,CC(Oc1ccc(Oc2ccc(Cl)cc2)cc1)C(=O)O,Ambiguous DILI-concern
3366,flucytosine,Nc1[nH]c(=O)ncc1F,Ambiguous DILI-concern
6446,fluoxymesterone,CC1(O)CCC2C3CCC4=CC(=O)CCC4(C)C3(F)C(O)CC21C,Ambiguous DILI-concern
3372,fluphenazine,OCCN1CCN(CCCN2c3ccccc3Sc3ccc(C(F)(F)F)cc32)CC1,Ambiguous DILI-concern
3394,flurbiprofen,CC(C(=O)O)c1ccc(-c2ccccc2)c(F)c1,Ambiguous DILI-concern
3406,fomepizole,Cc1cn[nH]c1,Ambiguous DILI-concern
131536,fosamprenavir,CC(C)CN(CC(OP(=O)(O)O)C(Cc1ccccc1)NC(=O)OC1CCOC1)S(=O)(=O)c1ccc(N)cc1,Ambiguous DILI-concern
6238,hydroxyprogesterone caproate,CC(=O)C1(O)CCC2C3CCC4=CC(=O)CCC4(C)C3CCC21C,Ambiguous DILI-concern
42890,idarubicin,CC(=O)C1(O)Cc2c(O)c3c(c(O)c2C(OC2CC(N)C(O)C(C)O2)C1)C(=O)c1ccccc1C3=O,Ambiguous DILI-concern
5362440,indinavir,CC(C)(C)NC(=O)C1CN(Cc2cccnc2)CCN1CC(O)CC(Cc1ccccc1)C(=O)NC1c2ccccc2CC1O,Ambiguous DILI-concern
3759,isocarboxazid,Cc1cc(C(=O)NNCc2ccccc2)no1,Ambiguous DILI-concern
219078,lacosamide,COCC(NC(C)=O)C(=O)NCc1ccccc1,Ambiguous DILI-concern
5862,l-cysteine,NC(CS)C(=O)O,Ambiguous DILI-concern
656509,lincomycin,CCCC1CC(C(=O)NC(C(C)O)C2OC(SC)C(O)C(O)C2O)N(C)C1,Ambiguous DILI-concern
3958,lorazepam,O=C1Nc2ccc(Cl)cc2C(c2ccccc2Cl)=NC1O,Ambiguous DILI-concern
4033,mechlorethamine,CN(CCCl)CCCl,Ambiguous DILI-concern
4037,meclofenamic acid,Cc1ccc(Cl)c(Nc2ccccc2C(=O)O)c1Cl,Ambiguous DILI-concern
4101,methenamine hippurate ,C1N2CN3CN1CN(C2)C3,Ambiguous DILI-concern
4409,nabumetone,COc1ccc2cc(CCC(C)=O)ccc2c1,Ambiguous DILI-concern
4421,nalidixic acid,CCn1cc(C(=O)O)c(=O)c2ccc(C)nc21,Ambiguous DILI-concern
5360515,naltrexone,O=C1CCC2(O)C3Cc4ccc(O)c5c4C2(CCN3CC2CC2)C1O5,Ambiguous DILI-concern
644241,nilotinib,Cc1cn(-c2cc(NC(=O)c3ccc(C)c(Nc4nccc(-c5cccnc5)n4)c3)cc(C(F)(F)F)c2)cn1,Ambiguous DILI-concern
5280972,oxytetracycline,CN(C)C1C(=O)C(C(N)=O)C(=O)C2(O)C(=O)C3C(=O)c4c(O)cccc4C(C)(O)C3C(O)C12,Ambiguous DILI-concern
4737,pentobarbital,CCCC(C)C1(CC)C(=O)NC(=O)NC1=O,Ambiguous DILI-concern
43672,piperacillin,CCN1CCN(C(=O)NC(C(=O)NC2C(=O)N3C2SC(C)(C)C3C(=O)O)c2ccccc2)C(=O)C1=O,Ambiguous DILI-concern
5282451,pitavastatin,O=C(O)CC(O)CC(O)C=Cc1c(C2CC2)nc2ccccc2c1-c1ccc(F)cc1,Ambiguous DILI-concern
147912,posaconazole,CCC(C(C)O)n1ncn(-c2ccc(N3CCN(c4ccc(OCC5COC(Cn6cncn6)(c6ccc(F)cc6F)C5)cc4)CC3)cc2)c1=O,Ambiguous DILI-concern
148121,pralatrexate,C#CCC(Cc1cnc2nc(N)nc(N)c2n1)c1ccc(C(=O)NC(CCC(=O)O)C(=O)O)cc1,Ambiguous DILI-concern
4891,praziquantel,O=C(C1CCCCC1)N1CC(=O)N2CCc3ccccc3C2C1,Ambiguous DILI-concern
4946,propranolol,CC(C)NCC(O)COc1cccc2ccccc12,Ambiguous DILI-concern
6323497,rifapentine,COC1C=COC2(C)Oc3c(C)c(O)c4c(c3C2=O)C(=O)C(=CNN2CCN(C3CCCC3)CC2)C(NC(=O)C(C)=CC=CC(C)C(O)C(C)C(O)C(C)C(OC(C)=O)C1C)C4=O,Ambiguous DILI-concern
129228,rufinamide,NC(=O)c1cn(Cc2c(F)cccc2F)nn1,Ambiguous DILI-concern
31143,secobarbital,C=CCC1(C(C)CCC)C(=O)NC(=O)NC1=O,Ambiguous DILI-concern
29327,streptozocin,CN(N=O)C(=O)NC1C(O)OC(CO)C(O)C1O,Ambiguous DILI-concern
159269,telbivudine,Cc1cn(C2CC(O)C(CO)O2)c(=O)[nH]c1=O,Ambiguous DILI-concern
5391,temazepam,CN1C(=O)C(O)N=C(c2ccccc2)c2cc(Cl)ccc21,Ambiguous DILI-concern
941651,thiothixene,CN1CCN(CCC=C2c3ccccc3Sc3ccc(S(=O)(=O)N(C)C)cc32)CC1,Ambiguous DILI-concern
54686904,tigecycline,CN(C)c1cc(NC(=O)CNC(C)(C)C)c(O)c2c1CC1CC3C(N(C)C)C(=O)C(C(N)=O)C(=O)C3(O)C(=O)C1C2=O,Ambiguous DILI-concern
5483,tiopronin,CC(S)C(=O)NCC(=O)O,Ambiguous DILI-concern
41781,torasemide,Cc1cccc(Nc2ccncc2S(=O)(=O)NC(=O)NC(C)C)c1,Ambiguous DILI-concern
3005573,toremifene,CN(C)CCOc1ccc(C(=C(CCCl)c2ccccc2)c2ccccc2)cc1,Ambiguous DILI-concern
444795,tretinoin,CC(C=CC1=C(C)CCCC1(C)C)=CC=CC(C)=CC(=O)O,Ambiguous DILI-concern
5566,trifluoperazine,CN1CCN(CCCN2c3ccccc3Sc3ccc(C(F)(F)F)cc32)CC1,Ambiguous DILI-concern
5576,trimethadione,CN1C(=O)OC(C)(C)C1=O,Ambiguous DILI-concern
5583,trimetrexate,COc1cc(NCc2ccc3nc(N)nc(N)c3c2C)cc(OC)c1OC,Ambiguous DILI-concern
31401,ursodeoxycholic acid,CC(CCC(=O)O)C1CCC2C3C(O)CC4CC(O)CCC4(C)C3CCC12C,Ambiguous DILI-concern
4775,4-phenylbutyric acid,O=C(O)CCCc1ccccc1,Ambiguous DILI-concern
2123,altretamine,CN(C)c1nc(N(C)C)nc(N(C)C)n1,Ambiguous DILI-concern
197712,ambrisentan,COC(c1ccccc1)(c1ccccc1)C(Oc1nc(C)cc(C)n1)C(=O)O,Ambiguous DILI-concern
2170,amoxapine,Clc1ccc2c(c1)C(N1CCNCC1)=Nc1ccccc1O2,Ambiguous DILI-concern
3698,amrinone,Nc1cc(-c2ccncc2)c[nH]c1=O,Ambiguous DILI-concern
151165,aprepitant,CC(OC1OCCN(Cc2n[nH]c(=O)[nH]2)C1c1ccc(F)cc1)c1cc(C(F)(F)F)cc(C(F)(F)F)c1,Ambiguous DILI-concern
60795,aripiprazole,O=C1CCc2ccc(OCCCCN3CCN(c4cccc(Cl)c4Cl)CC3)cc2N1,Ambiguous DILI-concern
5362041,aztreonam,CC1C(NC(=O)C(=NOC(C)(C)C(=O)O)c2csc(N)n2)C(=O)N1S(=O)(=O)O,Ambiguous DILI-concern
6335412,balsalazide,O=C(O)CCNC(=O)c1ccc(NN=C2C=CC(=O)C(C(=O)O)=C2)cc1,Ambiguous DILI-concern
2369,betaxolol,CC(C)NCC(O)COc1ccc(CCOCC2CC2)cc1,Ambiguous DILI-concern
2405,bisoprolol,CC(C)NCC(O)COc1ccc(COCCOC(C)C)cc1,Ambiguous DILI-concern
2477,buspirone,O=C1CC2(CCCC2)CC(=O)N1CCCCN1CCN(c2ncccn2)CC1,Ambiguous DILI-concern
2479,butabarbital,CCC(C)C1(CC)C(=O)NC(=O)NC1=O,Ambiguous DILI-concern
9571074,cefditoren,CON=C(C(=O)NC1C(=O)N2C(C(=O)O)=C(C=Cc3scnc3C)CSC12)c1csc(N)n1,Ambiguous DILI-concern
54362,cefixime,C=CC1=C(C(=O)O)N2C(=O)C(NC(=O)C(=NOCC(=O)O)c3csc(N)n3)C2SC1,Ambiguous DILI-concern
50614,cefotetan,COC1(NC(=O)C2SC(=C(C(N)=O)C(=O)O)S2)C(=O)N2C(C(=O)O)=C(CSc3nnnn3C)CSC21,Ambiguous DILI-concern
6335986,cefpodoxime,COCC1=C(C(=O)O)N2C(=O)C(NC(=O)C(=NOC)c3csc(N)n3)C2SC1,Ambiguous DILI-concern
5282241,ceftibuten,Nc1nc(C(=CCC(=O)O)C(=O)NC2C(=O)N3C(C(=O)O)=CCSC23)cs1,Ambiguous DILI-concern
6533629,ceftizoxime,CON=C(C(=O)NC1C(=O)N2C(C(=O)O)=CCSC12)c1csc(N)n1,Ambiguous DILI-concern
38103,cephradine,CC1=C(C(=O)O)N2C(=O)C(NC(=O)C(N)C3=CCC=CC3)C2SC1,Ambiguous DILI-concern
83898,cevimeline,CC1OC2(CS1)CN1CCC2CC1,Ambiguous DILI-concern
2732,chlorthalidone,NS(=O)(=O)c1cc(C2(O)NC(=O)c3ccccc32)ccc1Cl,Ambiguous DILI-concern
3086319,cholestyramine,CC(C)(Oc1ccc(C(=O)c2ccc(Cl)cc2)cc1)C(=O)NCCS(=O)(=O)O,Ambiguous DILI-concern
60613,cidofovir,Nc1ccn(CC(CO)OCP(=O)(O)O)c(=O)n1,Ambiguous DILI-concern
2754,cilostazol,O=C1CCc2cc(OCCCCc3nnnn3C3CCCCC3)ccc2N1,Ambiguous DILI-concern
2803,clonidine,Clc1cccc(Cl)c1NC1=NCCN1,Ambiguous DILI-concern
6167,colchicine,COc1cc2c(c(OC)c1OC)-c1ccc(OC)c(=O)cc1C(NC(C)=O)CC2,Ambiguous DILI-concern
6058,cysteamine,NCCS,Ambiguous DILI-concern
451668,decitabine,Nc1ncn(C2CC(O)C(CO)O2)c(=O)n1,Ambiguous DILI-concern
5625,delavirdine,CC(C)Nc1cccnc1N1CCN(C(=O)c2cc3cc(NS(C)(=O)=O)ccc3[nH]2)CC1,Ambiguous DILI-concern
2995,desipramine,CNCCCN1c2ccccc2CCc2ccccc21,Ambiguous DILI-concern
5743,dexamethasone,CC1CC2C3CCC4=CC(=O)C=CC4(C)C3(F)C(O)CC2(C)C1(O)C(=O)CO,Ambiguous DILI-concern
68602,dexmedetomidine,Cc1cccc(C(C)c2cnc[nH]2)c1C,Ambiguous DILI-concern
71384,dexrazoxane,CC(CN1CC(=O)NC(=O)C1)N1CC(=O)NC(=O)C1,Ambiguous DILI-concern
3016,diazepam,CN1C(=O)CN=C(c2ccccc2)c2cc(Cl)ccc21,Ambiguous DILI-concern
60654,dolasetron,O=C(OC1CC2CC3CC(C1)N2CC3=O)c1c[nH]c2ccccc12,Ambiguous DILI-concern
73303,doripenem,CC(O)C1C(=O)N2C(C(=O)O)=C(SC3CNC(CNS(N)(=O)=O)C3)C(C)C12,Ambiguous DILI-concern
3157,doxazosin,COc1cc2nc(N3CCN(C(=O)C4COc5ccccc5O4)CC3)nc(N)c2cc1OC,Ambiguous DILI-concern
5281107,doxercalciferol,C=C1C(=CC=C2CCCC3(C)C2CCC3C(C)C=CC(C)C(C)C)CC(O)CC1O,Ambiguous DILI-concern
77993,eletriptan,CN1CCCC1Cc1c[nH]c2ccc(CCS(=O)(=O)c3ccccc3)cc12,Ambiguous DILI-concern
5462501,enalaprilat,CC(NC(CCc1ccccc1)C(=O)O)C(=O)N1CCCC1C(=O)O,Ambiguous DILI-concern
150310,eplerenone,COC(=O)C1CC2=CC(=O)CCC2(C)C23OC2CC2(C)C(CCC24CCC(=O)O4)C13,Ambiguous DILI-concern
5280427,epoprostenol,CCCCCC(O)C=CC1C(O)CC2OC(=CCCCC(=O)O)CC21,Ambiguous DILI-concern
60879,eprosartan,CCCCc1ncc(C=C(Cc2cccs2)C(=O)O)n1Cc1ccc(C(=O)O)cc1,Ambiguous DILI-concern
5284555,estropipate,CC12CCC3c4ccc(OS(=O)(=O)O)cc4CCC3C1CCC2=O,Ambiguous DILI-concern
969472,eszopiclone,CN1CCN(C(=O)OC2c3nccnc3C(=O)N2c2ccc(Cl)cn2)CC1,Ambiguous DILI-concern
3278,ethacrynic acid,C=C(CC)C(=O)c1ccc(OCC(=O)O)c(Cl)c1Cl,Ambiguous DILI-concern
6442177,everolimus,COC1CC2CCC(C)C(O)(O2)C(=O)C(=O)N2CCCCC2C(=O)OC(C(C)CC2CCC(OCCO)C(OC)C2)CC(=O)C(C)C=C(C)C(O)C(OC)C(=O)C(C)CC(C)C=CC=CC=C1C,Ambiguous DILI-concern
3324,famciclovir,CC(=O)OCC(CCn1cnc2cnc(N)nc21)COC(C)=O,Ambiguous DILI-concern
3404,fluvoxamine,COCCCCC(=NOCCN)c1ccc(C(F)(F)F)cc1,Ambiguous DILI-concern
5270819,fosaprepitant,Clc1ccc(-c2nnc(Nc3ccc(Br)cc3)s2)cc1,Ambiguous DILI-concern
3415,foscarnet,O=C(O)P(=O)(O)O,Ambiguous DILI-concern
104741,fulvestrant,CC12CCC3c4ccc(O)cc4CC(CCCCCCCCC[S+]([O-])CCCC(F)(F)C(F)(F)F)C3C1CCC2O,Ambiguous DILI-concern
3440,furosemide,NS(=O)(=O)c1cc(C(=O)O)c(NCc2ccco2)cc1Cl,Ambiguous DILI-concern
60754,gadodiamide,CNC(=O)CN(CCN(CCN(CC(=O)O)CC(=O)NC)CC(=O)O)CC(=O)O,Ambiguous DILI-concern
9651,galantamine,COc1ccc2c3c1OC1CC(O)C=CC31CCN(C)C2,Ambiguous DILI-concern
3454,ganciclovir,Nc1nc2c(ncn2COC(CO)CO)c(=O)[nH]1,Ambiguous DILI-concern
3510,granisetron,CN1C2CCCC1CC(NC(=O)c1nn(C)c3ccccc13)C2,Ambiguous DILI-concern
3519,guanfacine,NC(N)=NC(=O)Cc1c(Cl)cccc1Cl,Ambiguous DILI-concern
3520,guanidine,N=C(N)N,Ambiguous DILI-concern
52919,haloperidol decanoate,CCCCCCCCCC(=O)OC1(c2ccc(Cl)cc2)CCN(CCCC(=O)c2ccc(F)cc2)CC1,Ambiguous DILI-concern
3647,hydroflumethiazide,NS(=O)(=O)c1cc2c(cc1C(F)(F)F)NCNS2(=O)=O,Ambiguous DILI-concern
5284570,hydromorphone,CN1CCC23c4c5ccc(O)c4OC2C(=O)CCC3C1C5,Ambiguous DILI-concern
71360,iloperidone,COc1cc(C(C)=O)ccc1OCCCN1CCC(c2noc3cc(F)ccc23)CC1,Ambiguous DILI-concern
3702,indapamide,CC1Cc2ccccc2N1NC(=O)c1ccc(Cl)c(S(N)(=O)=O)c1,Ambiguous DILI-concern
27661,isorbide mononitrate,O=[N+]([O-])OC1COC2C(O)COC12,Ambiguous DILI-concern
6445540,ixabepilone,CC(=Cc1csc(C)n1)C1CC2OC2(C)CCCC(C)C(O)C(C)C(=O)C(C)(C)C(O)CC(=O)N1,Ambiguous DILI-concern
5961,l-glutamine,NC(=O)CCC(N)C(=O)O,Ambiguous DILI-concern
11597698,lisdexamfetamine,CC(Cc1ccccc1)NC(=O)C(N)CCCCN,Ambiguous DILI-concern
3948,lomefloxacin,CCn1cc(C(=O)O)c(=O)c2cc(F)c(N3CCNC(C)C3)c(F)c21,Ambiguous DILI-concern
3964,loxapine,CN1CCN(C2=Nc3ccccc3Oc3ccc(Cl)cc32)CC1,Ambiguous DILI-concern
4011,maprotiline,CNCCCC12CCC(c3ccccc31)c1ccccc12,Ambiguous DILI-concern
16078,marinol,CCCCCc1cc(O)c2c(c1)OC(C)(C)C1CCC(C)=CC21,Ambiguous DILI-concern
10631,medroxyprogesterone,CC(=O)C1(O)CCC2C3CC(C)C4=CC(=O)CCC4(C)C3CCC21C,Ambiguous DILI-concern
19090,megestrol,CC(=O)C1(O)CCC2C3C=C(C)C4=CC(=O)CCC4(C)C3CCC21C,Ambiguous DILI-concern
4060,mephenytoin,CCC1(c2ccccc2)NC(=O)N(C)C1=O,Ambiguous DILI-concern
598,mesna,O=S(=O)(O)CCS,Ambiguous DILI-concern
4078,mesoridazine,CN1CCCCC1CCN1c2ccccc2Sc2ccc([S+](C)[O-])cc21,Ambiguous DILI-concern
4095,methadone,CCC(=O)C(CC(C)N(C)C)(c1ccccc1)c1ccccc1,Ambiguous DILI-concern
4107,methocarbamol,COc1ccccc1OCC(O)COC(N)=O,Ambiguous DILI-concern
9034,methohexital,C=CCC1(C(C)C#CCC)C(=O)NC(=O)N(C)C1=O,Ambiguous DILI-concern
4121,methyclothiazide,CN1C(CCl)Nc2cc(Cl)c(S(N)(=O)=O)cc2S1(=O)=O,Ambiguous DILI-concern
4170,metolazone,Cc1ccccc1N1C(=O)c2cc(S(N)(=O)=O)c(Cl)cc2NC1C,Ambiguous DILI-concern
4197,milrinone,Cc1[nH]c(=O)c(C#N)cc1-c1ccncc1,Ambiguous DILI-concern
5282381,misoprostol,CCCCC(C)(O)CC=CC1C(O)CC(=O)C1CCCCCCC(=O)OC,Ambiguous DILI-concern
91270,moexipril,CCOC(=O)C(CCc1ccccc1)NC(C)C(=O)N1Cc2cc(OC)c(OC)cc2CC1C(=O)O,Ambiguous DILI-concern
34633,moricizine,CCOC(=O)Nc1ccc2c(c1)N(C(=O)CCN1CCOCC1)c1ccccc1S2,Ambiguous DILI-concern
446541,mycophenolic acid,COc1c(C)c2c(c(O)c1CC=C(C)CCC(=O)O)C(=O)OC2,Ambiguous DILI-concern
39147,nadolol,CC(C)(C)NCC(O)COc1cccc2c1CC(O)C(O)C2,Ambiguous DILI-concern
5284594,nalmefene hydrochloride,C=C1CCC2(O)C3Cc4ccc(O)c5c4C2(CCN3CC2CC2)C1O5,Ambiguous DILI-concern
4440,naratriptan,CNS(=O)(=O)CCc1ccc2[nH]cc(C3CCN(C)CC3)c2c1,Ambiguous DILI-concern
60026,nateglinide,CC(C)C1CCC(C(=O)NC(Cc2ccccc2)C(=O)O)CC1,Ambiguous DILI-concern
71301,nebivolol,OC(CNCC(O)C1CCc2cc(F)ccc2O1)C1CCc2cc(F)ccc2O1,Ambiguous DILI-concern
4474,nicardipine,COC(=O)C1=C(C)NC(C)=C(C(=O)OCCN(C)Cc2ccccc2)C1c1cccc([N+](=O)[O-])c1,Ambiguous DILI-concern
4497,nimodipine,COCCOC(=O)C1=C(C)NC(C)=C(C(=O)OC(C)C)C1c1cccc([N+](=O)[O-])c1,Ambiguous DILI-concern
4499,nisoldipine,COC(=O)C1=C(C)NC(C)=C(C(=O)OCC(C)C)C1c1ccccc1[N+](=O)[O-],Ambiguous DILI-concern
115355,nitisinone,O=C1CCCC(=O)C1C(=O)c1ccc(C(F)(F)F)cc1[N+](=O)[O-],Ambiguous DILI-concern
6230,norethindrone,C#CC1(O)CCC2C3CCC4=CC(=O)CCC4C3CCC21C,Ambiguous DILI-concern
130881,olmesartan,CCCc1nc(C(C)(C)O)c(C(=O)OCc2oc(=O)oc2C)n1Cc1ccc(-c2ccccc2-c2nn[nH]n2)cc1,Ambiguous DILI-concern
65028,oseltamivir,CCOC(=O)C1=CC(OC(CC)CC)C(NC(C)=O)C(N)C1,Ambiguous DILI-concern
4616,oxazepam,O=C1Nc2ccc(Cl)cc2C(c2ccccc2)=NC1O,Ambiguous DILI-concern
148211,palonosetron,O=C1c2cccc3c2C(CCC3)CN1C1CN2CCC1CC2,Ambiguous DILI-concern
4674,pamidronate,NCCC(O)(P(=O)(O)O)P(=O)(O)O,Ambiguous DILI-concern
5281104,paricalcitol,CC(C=CC(C)C(C)(C)O)C1CCC2C(=CC=C3CC(O)CC(O)C3)CCCC21C,Ambiguous DILI-concern
60843,pemetrexed,Nc1nc2[nH]cc(CCc3ccc(C(=O)NC(CCC(=O)O)C(=O)O)cc3)c2c(=O)[nH]1,Ambiguous DILI-concern
37720,pentosan polysulfate,O=S(=O)(O)OC1C(O)COC(OC2COC(O)C(OS(=O)(=O)O)C2OS(=O)(=O)O)C1OS(=O)(=O)O,Ambiguous DILI-concern
4740,pentoxifylline,CC(=O)CCCCn1c(=O)c2c(ncn2C)n(C)c1=O,Ambiguous DILI-concern
47811,pergolide,CCCN1CC(CSC)CC2c3cccc4[nH]cc(c34)CC21,Ambiguous DILI-concern
107807,perindopril,CCCC(NC(C)C(=O)N1C(C(=O)O)CC2CCCCC21)C(=O)OCC,Ambiguous DILI-concern
5910,pilocarpine,CCC1C(=O)OCC1Cc1cncn1C,Ambiguous DILI-concern
4870,polythiazide,CN1C(CSCC(F)(F)F)Nc2cc(Cl)c(S(N)(=O)=O)cc2S1(=O)=O,Ambiguous DILI-concern
5353894,pralidoxime,CN1C=CC=CC1=CN=O,Ambiguous DILI-concern
59868,pramipexole,CCCNC1CCc2nc(N)sc2C1,Ambiguous DILI-concern
4893,prazosin,COc1cc2nc(N3CCN(C(=O)c4ccco4)CC3)nc(N)c2cc1OC,Ambiguous DILI-concern
4911,probenecid,CCCN(CCC)S(=O)(=O)c1ccc(C(=O)O)cc1,Ambiguous DILI-concern
3052776,rasagiline,C#CCNC1CCc2ccccc21,Ambiguous DILI-concern
37542,ribavirin,NC(=O)c1ncn(C2OC(CO)C(O)C2O)n1,Ambiguous DILI-concern
6436173,rifaximin,COC1C=COC2(C)Oc3c(C)c(O)c4c(O)c(c5c(nc6cc(C)ccn65)c4c3C2=O)NC(=O)C(C)=CC=CC(C)C(O)C(C)C(O)C(C)C(OC(C)=O)C1C,Ambiguous DILI-concern
5245,risedronate,O=P(O)(O)C(O)(Cc1cccnc1)P(=O)(O)O,Ambiguous DILI-concern
135113,sacrosidase,CC1Oc2ccc(C(C)(C)C)cc2O1,Ambiguous DILI-concern
5312125,silodosin,CC(Cc1cc2c(c(C(N)=O)c1)N(CCCO)CC2)NCCOc1ccccc1OCC(F)(F)F,Ambiguous DILI-concern
216457,solifenacin,O=C(OC1CN2CCC1CC2)N1CCc2ccccc2C1c1ccccc1,Ambiguous DILI-concern
5253,sotalol,CC(C)NCC(O)c1ccc(NS(C)(=O)=O)cc1,Ambiguous DILI-concern
15541,spectinomycin,CNC1C(O)C(NC)C2OC3(O)C(=O)CC(C)OC3OC2C1O,Ambiguous DILI-concern
5358,sumatriptan,CNS(=O)(=O)Cc1ccc2[nH]cc(CCN(C)C)c2c1,Ambiguous DILI-concern
110635,tadalafil,CN1CC(=O)N2C(Cc3c([nH]c4ccccc34)C2c2ccc3c(c2)OCO3)C1=O,Ambiguous DILI-concern
5487301,tegaserod,CCCCCN=C(N)NNC=C1C=Nc2ccc(CO)cc21,Ambiguous DILI-concern
6018,tetrabenazine,COc1cc2c(cc1OC)C1CC(=O)C(CC(C)C)CN1CC2,Ambiguous DILI-concern
60648,tiagabine,Cc1ccsc1C(=CCCN1CCCC(C(=O)O)C1)c1sccc1C,Ambiguous DILI-concern
33624,timolol,CC(C)(C)NCC(O)COc1nsnc1N1CCOCC1,Ambiguous DILI-concern
5505,tolbutamide,CCCCNC(=O)NS(=O)(=O)c1ccc(C)cc1,Ambiguous DILI-concern
33741,tramadol,COc1cccc(C2(O)CCCCC2CN(C)C)c1,Ambiguous DILI-concern
5556,triazolam,Cc1nnc2n1-c1ccc(Cl)cc1C(c1ccccc1Cl)=NC2,Ambiguous DILI-concern
5577,trimethobenzamide,COc1cc(C(=O)NCc2ccc(OCCN(C)C)cc2)cc(OC)c1OC,Ambiguous DILI-concern
5584,trimipramine,CC(CN(C)C)CN1c2ccccc2CCc2ccccc21,Ambiguous DILI-concern
64147,valganciclovir,CC(C)C(N)C(=O)OCC(CO)OCn1cnc2c(=O)[nH]c(N)nc21,Ambiguous DILI-concern
110634,vardenafil,CCCc1nc(C)c2c(=O)[nH]c(-c3cc(S(=O)(=O)N4CCN(CC)CC4)ccc3OCC)nn12,Ambiguous DILI-concern
5362420,verteporfin,C=Cc1c(C)c2cc3nc(cc4[nH]c(cc5nc(cc1[nH]2)c(C)c5CCC(=O)O)c(CCC(=O)OC)c4C)C1(C)C3=CC=C(C(=O)OC)C1C(=O)OC,Ambiguous DILI-concern
5665,vigabatrin,C=CC(N)CCC(=O)O,Ambiguous DILI-concern
60780,vinorelbine,CCC1=CC2CN(C1)Cc1c([nH]c3ccccc13)C(C(=O)OC)(c1cc3c(cc1OC)N(C)C1C(O)(C(=O)OC)C(OC(C)=O)C4(CC)C=CCN5CCC31C54)C2,Ambiguous DILI-concern
441240,zolmitriptan,CN(C)CCc1c[nH]c2ccc(CC3COC(=O)N3)cc12,Ambiguous DILI-concern
5732,zolpidem,Cc1ccc(-c2nc3ccc(C)cn3c2CC(=O)N(C)C)cc1,Ambiguous DILI-concern
119,gamma-aminobutyric,NCCCC(=O)O,sider_inactive
5280360,PGE2,CCCCCC(O)C=CC1C(O)CC(=O)C1CC=CCCCC(=O)O,sider_inactive
5280363,prostaglandin,CCCCCC(O)C=CC1C(O)CC(O)C1CC=CCCCC(=O)O,sider_inactive
244,benzyl,OCc1ccccc1,sider_inactive
679,DMSO,C[S+](C)[O-],sider_inactive
727,lindane,ClC1C(Cl)C(Cl)C(Cl)C(Cl)C1Cl,sider_inactive
774,histamine,NCCc1cnc[nH]1,sider_inactive
785,quinol,Oc1ccc(O)cc1,sider_inactive
942,nicotine,CN1CCCC1c1cccnc1,sider_inactive
1727,4-AP,Nc1ccncc1,sider_inactive
1993,methacholine,CC(=O)OC(C)C[N+](C)(C)C,sider_inactive
636374,Almeta,CCC(=O)OCC(=O)C1(OC(=O)CC)C(C)CC2C3C(Cl)CC4=CC(=O)C=CC4(C)C3C(O)CC21C,sider_inactive
443958,amcinonide,CC(=O)OCC(=O)C12OC3(CCCC3)OC1CC1C3CCC4=CC(=O)C=CC4(C)C3(F)C(O)CC12C,sider_inactive
2159,amisulpride,CCN1CCCC1CNC(=O)c1cc(S(=O)(=O)CC)c(N)cc1OC,sider_inactive
54259,amorolfine,CCC(C)(C)c1ccc(CC(C)CN2CC(C)OC(C)C2)cc1,sider_inactive
2216,apraclonidine,Nc1cc(Cl)c(NC2=NCCN2)c(Cl)c1,sider_inactive
2266,azelaic,O=C(O)CCCCCCCC(=O)O,sider_inactive
21700,beclomethasone,CCC(=O)OCC(=O)C1(OC(=O)CC)C(C)CC2C3CCC4=CC(=O)C=CC4(C)C3(Cl)C(O)CC21C,sider_inactive
20469,beclomethasone,CC1CC2C3CCC4=CC(=O)C=CC4(C)C3(Cl)C(O)CC2(C)C1(O)C(=O)CO,sider_inactive
2337,benzocaine,CCOC(=O)c1ccc(N)cc1,sider_inactive
2345,benzyl,O=C(OCc1ccccc1)c1ccccc1,sider_inactive
2349,penicillin,CC1(C)SC2C(NC(=O)Cc3ccccc3)C(=O)N2C1C(=O)O,sider_inactive
164522,bepotastine,O=C(O)CCCN1CCC(OC(c2ccc(Cl)cc2)c2ccccn2)CC1,sider_inactive
2366,betahistine,CNCCc1ccccn1,sider_inactive
9400,dexamethasone,CC1CC2C3CCC4=CC(=O)C=CC4(C)C3(F)C(O)CC2(C)C1(O)C(=O)COP(=O)(O)O,sider_inactive
2431,bretylium,CC[N+](C)(C)Cc1ccccc1Br,sider_inactive
2435,brimonidine,Brc1c(NC2=NCCN2)ccc2nccnc12,sider_inactive
2441,bromazepam,O=C1CN=C(c2ccccn2)c2cc(Br)ccc2N1,sider_inactive
2442,bromhexine,CN(Cc1cc(Br)cc(Br)c1N)C1CCCCC1,sider_inactive
2484,butenafine,CN(Cc1ccc(C(C)(C)C)cc1)Cc1cccc2ccccc12,sider_inactive
5288783,calcipotriol,C=C1C(=CC=C2CCCC3(C)C2CCC3C(C)C=CC(O)C2CC2)CC(O)CC1O,sider_inactive
1548943,capsaicin,COc1cc(CNC(=O)CCCCC=CC(C)C)ccc1O,sider_inactive
2551,carbachol,C[N+](C)(C)CCOC([NH])=O,sider_inactive
2583,carteolol,CC(C)(C)NCC(O)COc1cccc2c1CCC(=O)N2,sider_inactive
2663,celiprolol,CCN(CC)C(=O)Nc1ccc(OCC(O)CNC(C)(C)C)c(C(C)=O)c1,sider_inactive
9552079,chlorhexidine,N=C(NCCCCCCNC(=N)NC(=N)Nc1ccc(Cl)cc1)NC(=N)Nc1ccc(Cl)cc1,sider_inactive
2749,ciclopirox,Cc1cc(C2CCCCC2)n(O)c(=O)c1,sider_inactive
2762,cinoxacin,CCn1nc(C(=O)O)c(=O)c2cc3c(cc21)OCO3,sider_inactive
32798,clobetasol,CCC(=O)OC1(C(=O)CCl)C(C)CC2C3CCC4=CC(=O)C=CC4(C)C3(F)C(O)CC21C,sider_inactive
71386,clobetasone,CCCC(=O)OC1(C(=O)CCl)C(C)CC2C3CCC4=CC(=O)C=CC4(C)C3(F)C(=O)CC21C,sider_inactive
446220,cocaine,COC(=O)C1C(OC(=O)c2ccccc2)CC2CCC1N2C,sider_inactive
688020,crotamiton,CC=CC(=O)N(CC)c1ccccc1C,sider_inactive
2905,cyclopentolate,CN(C)CCOC(=O)C(c1ccccc1)C1(O)CCCC1,sider_inactive
5311067,desoximetasone,CC1CC2C3CCC4=CC(=O)C=CC4(C)C3(F)C(O)CC2(C)C1C(=O)CO,sider_inactive
3009,DFMO,NCCCC(N)(C(=O)O)C(F)F,sider_inactive
71414,diflorasone,CC(=O)OCC(=O)C1(OC(C)=O)C(C)CC2C3CC(F)C4=CC(=O)C=CC4(C)C3(F)C(O)CC21C,sider_inactive
443936,epitopic,CCCC(=O)OC1(C(=O)COC(C)=O)CCC2C3CC(F)C4=CC(=O)C=CC4(C)C3(F)C(O)CC21C,sider_inactive
3105,dipivefrin,CNCC(O)c1ccc(OC(=O)C(C)(C)C)c(OC(=O)C(C)(C)C)c1,sider_inactive
3151,domperidone,O=c1[nH]c2ccccc2n1CCCN1CCC(n2c(=O)[nH]c3cc(Cl)ccc32)CC1,sider_inactive
5284549,dorzolamide,CCNC1CC(C)S(=O)(=O)c2sc(S(N)(=O)=O)cc21,sider_inactive
92974,L-threo-DOPS,NC(C(=O)O)C(O)c1ccc(O)c(O)c1,sider_inactive
3198,econazole,Clc1ccc(COC(Cn2ccnc2)c2ccc(Cl)cc2Cl)cc1,sider_inactive
446284,eicosapentaenoic,CCC=CCC=CCC=CCC=CCC=CCCCC(=O)O,sider_inactive
3219,emedastine,CCOCCn1c(N2CCCN(C)CC2)nc2ccccc21,sider_inactive
3241,epinastine,N=C1NCC2c3ccccc3Cc3ccccc3N12,sider_inactive
443884,ergonovine,CC(CO)NC(=O)C1C=C2c3cccc4[nH]cc(c34)CC2N(C)C1,sider_inactive
8223,ergotamine,CN1CC(C(=O)NC2(C)OC3(O)C4CCCN4C(=O)C(Cc4ccccc4)N3C2=O)C=C2c3cccc4[nH]cc(c34)CC21,sider_inactive
40291,estramustine,CC12CCC3c4ccc(OC(=O)N(CCCl)CCCl)cc4CCC3C1CCC2OP(=O)([O-])[O-],sider_inactive
5756,estriol,CC12CCC3c4ccc(O)cc4CCC3C1CC(O)C2O,sider_inactive
225609,fludrocortisone,CC(=O)OCC(=O)C1(O)CCC2C3CCC4=CC(=O)CCC4(C)C3(F)C(O)CC21C,sider_inactive
71415,flumethasone,CC1CC2C3CC(F)C4=CC(=O)C=CC4(C)C3(F)C(O)CC2(C)C1(O)C(=O)CO,sider_inactive
82153,flunisolide,CC1(C)OC2CC3C4CC(F)C5=CC(=O)C=CC5(C)C4C(O)CC3(C)C2(C(=O)CO)O1,sider_inactive
3380,flunitrazepam,CN1C(=O)CN=C(c2ccccc2F)c2cc([N+](=O)[O-])ccc21,sider_inactive
6215,fluocinolone,CC1(C)OC2CC3C4CC(F)C5=CC(=O)C=CC5(C)C4(F)C(O)CC3(C)C2(C(=O)CO)O1,sider_inactive
9642,fluocinonide,CC(=O)OCC(=O)C12OC(C)(C)OC1CC1C3CC(F)C4=CC(=O)C=CC4(C)C3(F)C(O)CC12C,sider_inactive
9878,fluorometholone,CC(=O)C1(O)CCC2C3CC(C)C4=CC(=O)C=CC4(C)C3(F)C(O)CC21C,sider_inactive
15209,flurandrenolone,CC1(C)OC2CC3C4CC(F)C5=CC(=O)CCC5(C)C4C(O)CC3(C)C2(C(=O)CO)O1,sider_inactive
444036,fluticasone,CCC(=O)OC1(C(=O)SCF)C(C)CC2C3CC(F)C4=CC(=O)C=CC4(C)C3(F)C(O)CC21C,sider_inactive
3410,formoterol,COc1ccc(CC(C)NCC(O)c2ccc(O)c(NC=O)c2)cc1,sider_inactive
3032525,fusidic,CC(=O)OC1CC2(C)C(CC(O)C3C4(C)CCC(O)C(C)C4CCC32C)C1=C(CCC=C(C)C)C(=O)O,sider_inactive
6434870,gemeprost,CCCCC(C)(C)C(O)C=CC1C(O)CC(=O)C1CCCCC=CC(=O)OC,sider_inactive
443943,halcinonide,CC1(C)OC2CC3C4CCC5=CC(=O)CCC5(C)C4(F)C(O)CC3(C)C2(C(=O)CCl)O1,sider_inactive
3598,hexachlorophene,Oc1c(Cl)cc(Cl)c(Cl)c1Cc1c(O)c(Cl)cc(Cl)c1Cl,sider_inactive
5282593,homatropine,CN1C2CCC1CC(OC(=O)C(O)c1ccccc1)C2,sider_inactive
9003,Buscopan,CCCC[N+]1(C)C2CC(OC(=O)C(CO)c3ccccc3)CC1C1OC12,sider_inactive
26133,hydrocortisone,CCCC(=O)OC1(C(=O)CO)CCC2C3CCC4=CC(=O)CCC4(C)C3C(O)CC21C,sider_inactive
5905,IdUrd,O=c1[nH]c(=O)n(C2CC(O)C(CO)O2)cc1I,sider_inactive
3730,iohexol,CC(=O)N(CC(O)CO)c1c(I)c(C(=O)NCC(O)CO)c(I)c(C(=O)NCC(O)CO)c1I,sider_inactive
3736,iopromide,COCC(=O)Nc1c(I)c(C(=O)NCC(O)CO)c(I)c(C(=O)N(C)CC(O)CO)c1I,sider_inactive
43232,ipratropium,CC(C)[N+]1(C)C2CCC1CC(OC(=O)C(CO)c1ccccc1)C2,sider_inactive
5282175,isopropyl,CCCCCCCC(=O)CCC1C(O)CC(O)C1CC=CCCCC(=O)OC(C)C,sider_inactive
3830,cytokinin,c1coc(CNc2ncnc3[nH]cnc23)c1,sider_inactive
3848,phenyllactate,O=C(O)C(O)Cc1ccccc1,sider_inactive
5282380,latanoprost,CC(C)OC(=O)CCCC=CCC1C(O)CC(O)C1CCC(O)CCc1ccccc1,sider_inactive
39468,levobunolol,CC(C)(C)NCC(O)COc1cccc2c1CCCC2=O,sider_inactive
54384,levocabastine,CC1CN(C2CCC(C#N)(c3ccc(F)cc3)CC2)CCC1(C(=O)O)c1ccccc1,sider_inactive
28864,lisuride,CCN(CC)C(=O)NC1C=C2c3cccc4[nH]cc(c34)CC2N(C)C1,sider_inactive
3998,mafenide,NCc1ccc(S(N)(=O)=O)cc1,sider_inactive
4004,malathion,CCOC(=O)CC(SP(=S)(OC)OC)C(=O)OCC,sider_inactive
4031,mebeverine,CCN(CCCCOC(=O)c1ccc(OC)c(OC)c1)C(C)Cc1ccc(OC)cc1,sider_inactive
247839,medrysone,CC(=O)C1CCC2C3CC(C)C4=CC(=O)CCC4(C)C3C(O)CC12C,sider_inactive
11683,megestrol,CC(=O)OC1(C(C)=O)CCC2C3C=C(C)C4=CC(=O)CCC4(C)C3CCC21C,sider_inactive
49800046,N-methylscopolamine,C[N+]1(C)C2CC(OC(=O)C(CO)c3ccccc3)CC1C1OC12,sider_inactive
441336,mometasone,CC1CC2C3CCC4=CC(=O)C=CC4(C)C3(Cl)C(O)CC2(C)C1(OC(=O)c1ccco1)C(=O)CCl,sider_inactive
446596,mupirocin,CC(=CC(=O)OCCCCCCCCC(=O)O)CC1OCC(CC2OC2C(C)C(C)O)C(O)C1O,sider_inactive
4274,tetrofosmin,CCOCCP(CCOCC)CCP(CCOCC)CCOCC,sider_inactive
4436,naphazoline,c1ccc2c(CC3=NCCN3)cccc2c1,sider_inactive
4450,nefopam,CN1CCOC(c2ccccc2)c2ccccc2C1,sider_inactive
4456,neostigmine,CN(C)C(=O)Oc1cccc([N+](C)(C)C)c1,sider_inactive
6433272,nystatin,CC1C=CC=CCCC=CC=CC=CC=CC(OC2OC(C)C(O)C(N)C2O)CC2OC(O)(CC(O)C(O)CCC(O)CC(O)CC(O)CC(=O)OC(C)C(C)C1O)CC(O)C2C(=O)O,sider_inactive
5353853,oxiconazole,Clc1ccc(CON=C(Cn2ccnc2)c2ccc(Cl)cc2Cl)c(Cl)c1,sider_inactive
4631,oxprenolol,C=CCOc1ccccc1OCC(O)CNC(C)C,sider_inactive
4695,isosulfan,CCN(CC)c1ccc(C(=C2C=CC(=[N+](CC)CC)C=C2)c2cc(S(=O)(=O)O)ccc2S(=O)(=O)O)cc1,sider_inactive
6041,phenylephrine,CNCC(O)c1cccc(O)c1,sider_inactive
4810,moxonidine,COc1nc(C)nc(Cl)c1NC1=NCCN1,sider_inactive
4845,pirbuterol,CC(C)(C)NCC(O)c1ccc(O)c(CO)n1,sider_inactive
10607,podophyllotoxin,COc1cc(C2c3cc4c(cc3C(O)C3COC(=O)C23)OCO4)cc(OC)c1OC,sider_inactive
4896,prednisolone,CC12C=CC(=O)C=C1CCC1C2C(O)CC2(C)C1CCC2(O)C(=O)COP(=O)(O)O,sider_inactive
4906,prilocaine,CCCNC(C)C(=O)Nc1ccccc1C,sider_inactive
4914,procaine,CCN(CC)CCOC(=O)c1ccc(N)cc1,sider_inactive
4992,mepyramine,COc1ccc(CN(CCN(C)C)c2ccccn2)cc1,sider_inactive
5280954,rescinnamine,COC(=O)C1C2CC3c4[nH]c5cc(OC)ccc5c4CCN3CC2CC(OC(=O)C=Cc2cc(OC)c(OC)c(OC)c2)C1OC,sider_inactive
5152,salmeterol,OCc1cc(C(O)CNCCCCCCOCCCCc2ccccc2)ccc1O,sider_inactive
5248,sodium,CCCCCCCCCCCCCCOS(=O)(=O)O,sider_inactive
5318,sulconazole,Clc1ccc(CSC(Cn2ccnc2)c2ccc(Cl)cc2Cl)cc1,sider_inactive
5333,sulfonamide,Nc1ccc(S(N)(=O)=O)cc1,sider_inactive
5359,suprofen,CC(C(=O)O)c1ccc(C(=O)c2cccs2)cc1,sider_inactive
5381,tazarotene,CCOC(=O)c1ccc(C#Cc2ccc3c(c2)C(C)(C)CCS3)nc1,sider_inactive
441383,terconazole,CC(C)N1CCN(c2ccc(OCC3COC(Cn4cncn4)(c4ccc(Cl)cc4Cl)O3)cc2)CC1,sider_inactive
13769,testolactone,CC12CCC3C(CCC4=CC(=O)C=CC43C)C1CCC(=O)O2,sider_inactive
5411,tetracaine,CCCCNc1ccc(C(=O)OCCN(C)C)cc1,sider_inactive
5419,tetrahydrozoline,c1ccc2c(c1)CCCC2C1=NCCN1,sider_inactive
5468,tiaprofenic,CC(C(=O)O)c1ccc(C(=O)c2ccccc2)s1,sider_inactive
444008,tibolone,C#CC1(O)CCC2C3C(C)CC4=C(CCC(=O)C4)C3CCC21C,sider_inactive
5524,tramazoline,c1cc2c(c(NC3=NCCN3)c1)CCCC2,sider_inactive
449171,retinoic,CC(C=CC1=C(C)CCCC1(C)C)=CC=CC(C)=CC(=O)O,sider_inactive
5564,triclosan,Oc1cc(Cl)ccc1Oc1ccc(Cl)cc1Cl,sider_inactive
5565,trien,NCCNCCNCCN,sider_inactive
5593,tropicamide,CCN(Cc1ccncc1)C(=O)C(CO)c1ccccc1,sider_inactive
72165,tropisetron,CN1C2CCC1CC(OC(=O)c1c[nH]c3ccccc13)C2,sider_inactive
5311236,unoprostone,CCCCCCCC(=O)CCC1C(O)CC(O)C1CC=CCCCC(=O)O,sider_inactive
60855,zanamivir,CC(=O)NC1C(NC(=N)N)C=C(C(=O)O)OC1C(O)C(O)CO,sider_inactive
5939,biguanide,N=C(N)NC(=N)N,sider_inactive
6256,trifluorothymidine,O=c1[nH]c(=O)n(C2CC(O)C(CO)O2)cc1C(F)(F)F,sider_inactive
6451,bromcresol,Cc1c(C2(c3cc(Br)c(O)c(Br)c3C)OS(=O)(=O)c3ccccc32)cc(Br)c(O)c1Br,sider_inactive
6468,phencyclidine,c1ccc(C2(N3CCCCC3)CCCCC2)cc1,sider_inactive
7187,benzoyl,O=C(OOC(=O)c1ccccc1)c1ccccc1,sider_inactive
7638,monobenzone,Oc1ccc(OCc2ccccc2)cc1,sider_inactive
8612,chloroprocaine,CCN(CC)CCOC(=O)c1ccc(N)cc1Cl,sider_inactive
10547,echothiophate,CCOP(=O)(OCC)SCC[N+](C)(C)C,sider_inactive
11973,Brolene,N=C(N)c1ccc(OCCCOc2ccc(C(=N)N)cc2Br)c(Br)c1,sider_inactive
12536,desonide,CC1(C)OC2CC3C4CCC5=CC(=O)C=CC5(C)C4C(O)CC3(C)C2(C(=O)CO)O1,sider_inactive
12555,benzydamine,CN(C)CCCOc1nn(Cc2ccccc2)c2ccccc12,sider_inactive
12597,isomannide,OC1COC2C(O)COC12,sider_inactive
12620,Tadenan,CCCCCCCCCCCCCCCCCCCCCCO,sider_inactive
13314,lormetazepam,CN1C(=O)C(O)N=C(c2ccccc2Cl)c2cc(Cl)ccc21,sider_inactive
16533,betamethasone,CCCCC(=O)OC1(C(=O)CO)C(C)CC2C3CCC4=CC(=O)C=CC4(C)C3(F)C(O)CC21C,sider_inactive
5311052,clocortolone,CC1CC2C3CC(F)C4=CC(=O)C=CC4(C)C3(Cl)C(O)CC2(C)C1C(=O)CO,sider_inactive
21800,betamethasone,CCC(=O)OCC(=O)C1(OC(=O)CC)C(C)CC2C3CCC4=CC(=O)C=CC4(C)C3(F)C(O)CC21C,sider_inactive
5284569,hydrocodone,COc1ccc2c3c1OC1C(=O)CCC4C(C2)N(C)CCC314,sider_inactive
23897,molindone,CCc1c(C)[nH]c2c1C(=O)C(CN1CCOCC1)CC2,sider_inactive
27400,pizotifen,CN1CCC(=C2c3ccccc3CCc3sccc32)CC1,sider_inactive
31264,paraldehyde,CC1OC(C)OC(C)O1,sider_inactive
32169,articaine,CCCNC(C)C(=O)Nc1c(C)csc1C(=O)OC,sider_inactive
5311051,clobetasol,CC1CC2C3CCC4=CC(=O)C=CC4(C)C3(F)C(O)CC2(C)C1(O)C(=O)CCl,sider_inactive
37392,halofantrine,CCCCN(CCCC)CCC(O)c1cc2c(Cl)cc(Cl)cc2c2cc(C(F)(F)F)ccc12,sider_inactive
5311412,rimexolone,CCC(=O)C1(C)C(C)CC2C3CCC4=CC(=O)C=CC4(C)C3C(O)CC21C,sider_inactive
40326,permethrin,CC1(C)C(C=C(Cl)Cl)C1C(=O)OCc1cccc(Oc2ccccc2)c1,sider_inactive
40703,pinaverium,COc1cc(Br)c(C[N+]2(CCOCCC3CCC4CC3C4(C)C)CCOCC2)cc1OC,sider_inactive
40973,desogestrel,C#CC1(O)CCC2C3CCC4=CCCCC4C3C(=C)CC21CC,sider_inactive
41744,valrubicin,CCCCC(=O)OCC(=O)C1(O)Cc2c(O)c3c(c(O)c2C(OC2CC(NC(=O)C(F)(F)F)C(O)C(C)O2)C1)C(=O)c1c(OC)cccc1C3=O,sider_inactive
42395,Westcort,CCCCC(=O)OC1(C(=O)CO)CCC2C3CCC4=CC(=O)CCC4(C)C3C(O)CC21C,sider_inactive
44564,lodoxamide,N#Cc1cc(NC(=O)C(=O)O)c(Cl)c(NC(=O)C(=O)O)c1,sider_inactive
47471,butoconazole,Clc1ccc(CCC(Cn2ccnc2)Sc2c(Cl)cccc2Cl)cc1,sider_inactive
47641,naftifine,CN(CC=Cc1ccccc1)Cc1cccc2ccccc12,sider_inactive
50294,nedocromil,CCCc1c2oc(C(=O)O)cc(=O)c2cc2c(=O)cc(C(=O)O)n(CC)c12,sider_inactive
6714002,prednicarbate,CCOC(=O)OC1(C(=O)COC(=O)CC)CCC2C3CCC4=CC(=O)C=CC4(C)C3C(O)CC21C,sider_inactive
54158,mebrofenin,Cc1cc(C)c(NC(=O)CN(CC(=O)O)CC(=O)O)c(C)c1Br,sider_inactive
54786,treprostinil,CCCCCC(O)CCC1C(O)CC2Cc3c(cccc3OCC(=O)O)CC21,sider_inactive
444025,loteprednol,CCOC(=O)OC1(C(=O)OCCl)CCC2C3CCC4=CC(=O)C=CC4(C)C3C(O)CC21C,sider_inactive
55331,moexiprilat,COc1cc2c(cc1OC)CN(C(=O)C(C)NC(CCc1ccccc1)C(=O)O)C(C(=O)O)C2,sider_inactive
59226,rotigotine,CCCN(CCc1cccs1)C1CCc2c(O)cccc2C1,sider_inactive
57697,pemirolast,Cc1cccn2c(=O)c(-c3nn[nH]n3)cnc12,sider_inactive
60164,adapalene,COc1ccc(-c2ccc3cc(C(=O)O)ccc3c2)cc1C12CC3CC(CC(C3)C1)C2,sider_inactive
60172,adefovir,Nc1ncnc2c1ncn2CCOCP(=O)(O)O,sider_inactive
60751,mTHPC,Oc1cccc(-c2c3nc(c(-c4cccc(O)c4)c4ccc([nH]4)c(-c4cccc(O)c4)c4ccc(n4)c(-c4cccc(O)c4)c4ccc2[nH]4)CC3)c1,sider_inactive
60830,tiotropium,C[N+]1(C)C2CC(OC(=O)C(O)(c3cccs3)c3cccs3)CC1C1OC12,sider_inactive
60860,metaiodobenzylguanidine,N=C(N)NCc1cccc(I)c1,sider_inactive
135326,metaiodobenzylguanidine,N=C(N)NCc1cccc(I)c1,sider_inactive
5281071,olopatadine,CN(C)CCC=C1c2ccccc2COc2ccc(CC(=O)O)cc21,sider_inactive
3033825,levosimendan,CC1CC(=O)NN=C1c1ccc(NN=C(C#N)C#N)cc1,sider_inactive
60936,tiludronate,O=P([O-])([O-])C(Sc1ccc(Cl)cc1)P(=O)(O)O,sider_inactive
5311101,fluticasone,CC1CC2C3CC(F)C4=CC(=O)C=CC4(C)C3(F)C(O)CC2(C)C1(O)C(=O)SCF,sider_inactive
62965,beclomethasone,CCC(=O)OC1(C(=O)CO)C(C)CC2C3CCC4=CC(=O)C=CC4(C)C3(Cl)C(O)CC21C,sider_inactive
5463984,benazeprilat,O=C(O)CN1C(=O)C(NC(CCc2ccccc2)C(=O)O)CCc2ccccc21,sider_inactive
65863,sertaconazole,Clc1ccc(C(Cn2ccnc2)OCc2csc3c(Cl)cccc23)c(Cl)c1,sider_inactive
68613,atosiban,CCOc1ccc(CC2NC(=O)CCSSCC(C(=O)N3CCCC3C(=O)NC(CCCN)C(=O)NCC([NH])=O)NC(=O)C(CC([NH])=O)NC(=O)C(C(C)O)NC(=O)C(C(C)CC)NC2=O)cc1,sider_inactive
69512,malvidin,COc1cc(-c2[o+]c3cc(O)cc(O)c3cc2O)cc(OC)c1[O-],sider_inactive
71406,TPGS,Cc1c(C)c2c(c(C)c1OC(=O)CCC(=O)OCCO)CCC(C)(CCCC(C)CCCC(C)CCCC(C)C)O2,sider_inactive
91488,fluocinolone,CC12C=CC(=O)C=C1C(F)CC1C3CC(O)C(O)(C(=O)CO)C3(C)CC(O)C12F,sider_inactive
5460037,dextran,O=CC(O)C(O)C(O)C(O)COC1OC(COC2OC(CO)C(O)C(O)C2O)C(O)C(O)C1O,sider_inactive
104849,rimonabant,Cc1c(C(=O)NN2CCCCC2)nn(-c2ccc(Cl)cc2Cl)c1-c1ccc(Cl)cc1,sider_inactive
121749,ustekinumab,CC1(C)NC(=N)NC(=N)N1OCCCOc1cc(Cl)c(Cl)cc1Cl,sider_inactive
3086674,FP-CIT,COC(=O)C1C(c2ccc(I)cc2)CC2CCC1N2CCCF,sider_inactive
5282226,travoprost,CC(C)OC(=O)CCCC=CCC1C(O)CC(O)C1C=CC(O)COc1cccc(C(F)(F)F)c1,sider_inactive
441335,mometasone,CC1CC2C3CCC4=CC(=O)C=CC4(C)C3(Cl)C(O)CC2(C)C1(O)C(=O)CCl,sider_inactive
123809,Madopar,NC(CO)C(=O)NNCc1ccc(O)c(O)c1O,sider_inactive
132999,ivabradine,COc1cc2c(cc1OC)CC(=O)N(CCCN(C)CC1Cc3cc(OC)c(OC)cc31)CC2,sider_inactive
3036505,ospemifene,OCCOc1ccc(C(=C(CCCl)c2ccccc2)c2ccccc2)cc1,sider_inactive
151075,nepafenac,[NH]C(=O)Cc1cccc(C(=O)c2ccccc2)c1N,sider_inactive
157921,methyl,COC(=O)CCC(=O)CN,sider_inactive
158786,pegaptanib,COCCOC(=O)NCCCCC(NC(=O)OCCOC)C(=O)NCCCCCOP(C)(=O)O,sider_inactive
6918193,MnDPDP,Cc1ncc(COP(=O)(O)O)c(CN(CCN(CC(=O)[O-])Cc2c(COP(=O)(O)O)cnc(C)c2O)CC(=O)[O-])c1[O-],sider_inactive
185457,S-benzoylmercaptoacetyltriglycine,O=C(O)CNC(=O)CNC(=O)CNC(=O)CSC(=O)c1ccccc1,sider_inactive
3003141,luliconazole,N#CC(=C1SCC(c2ccc(Cl)cc2Cl)S1)n1ccnc1,sider_inactive
216210,dabigatran,Cn1c(CNc2ccc(C(=N)N)cc2)nc2cc(C(=O)N(CCC(=O)O)c3ccccn3)ccc21,sider_inactive
450096,Gd-EOB-DTPA,CCOc1ccc(CC(CN(CCN(CC(=O)O)CC(=O)O)CC(=O)O)N(CC(=O)O)CC(=O)O)cc1,sider_inactive
445226,18F-FDG,OCC1OC(O)C(F)C(O)C1O,sider_inactive
450503,18F-FDG,OCC1OC(O)C(F)C(O)C1O,sider_inactive
5281099,natamycin,CC1CC=CC=CC=CC=CC(OC2OC(C)C(O)C(N)C2O)CC2OC(O)(CC(O)CC3OC3C=CC(=O)O1)CC(O)C2C(=O)O,sider_inactive
455658,hemin,C=Cc1c(C)c2cc3[nH]c(cc4nc(cc5nc(cc1[nH]2)c(C)c5CCC(=O)O)c(CCC(=O)O)c4C)c(C)c3C=C,sider_inactive
489181,efinaconazole,C=C1CCN(C(C)C(O)(Cn2cncn2)c2ccc(F)cc2F)CC1,sider_inactive
517045,sodium,CC(=O)[O-],sider_inactive
3052762,prucalopride,COCCCN1CCC(NC(=O)c2cc(Cl)c(N)c3c2OCC3)CC1,sider_inactive
6509979,pimecrolimus,CCC1C=C(C)CC(C)CC(OC)C2OC(O)(C(=O)C(=O)N3CCCCC3C(=O)OC(C(C)=CC3CCC(Cl)C(OC)C3)C(C)C(O)CC1=O)C(C)CC2OC,sider_inactive
3086257,Photofrin,CCc1c(C)c2cc3nc(cc4nc(cc5[nH]c(cc1[nH]2)c(C)c5C(C)O)c(C)c4CCC(=O)O)c(CCC(=O)O)c3C,sider_inactive
5288169,2-hydroxysuccinaldehyde,O=CCC(O)C=O,sider_inactive
5311000,alclometasone,CC1CC2C3C(Cl)CC4=CC(=O)C=CC4(C)C3C(O)CC2(C)C1(O)C(=O)CO,sider_inactive
5277135,elvitegravir,COc1cc2c(cc1Cc1cccc(Cl)c1F)c(=O)c(C(=O)O)cn2C(CO)C(C)C,sider_inactive
5310993,acipimox,Cc1cnc(C(=O)O)c[n+]1[O-],sider_inactive
5311167,halobetasol,CC1CC2C3CC(F)C4=CC(=O)C=CC4(C)C3(F)C(O)CC2(C)C1(O)C(=O)CCl,sider_inactive
5360237,Paroven,CC1OC(OCC2OC(Oc3c(-c4ccc(OCCO)c(OCCO)c4)oc4cc(OCCO)cc(O)c4c3=O)C(O)C(O)C2O)C(O)C(O)C1O,sider_inactive
9916860,gadobutrol,O=C(O)CN1CCN(CC(=O)O)CCN(C(CO)C(O)CO)CCN(CC(=O)O)CC1,sider_inactive
6433082,hexaminolevulinate,CCCCCCOC(=O)CCC(=O)CN,sider_inactive
9868491,tafluprost,CC(C)OC(=O)CCCC=CCC1C(O)CC(O)C1C=CC(F)(F)COc1ccccc1,sider_inactive
6918554,indacaterol,CCc1cc2c(cc1CC)CC(NCC(O)c1ccc(O)c3[nH]c(=O)ccc13)C2,sider_inactive
6918313,vilazodone,N#Cc1ccc2[nH]cc(CCCCN3CCN(c4ccc5oc(C([NH])=O)cc5c4)CC3)c2c1,sider_inactive
6918670,PEP005,CC=C(C)C(=O)OC1C(C)=CC23C(=O)C(C=C(CO)C(O)C12O)C1C(CC3C)C1(C)C,sider_inactive
11504294,olodaterol,COc1ccc(CC(C)(C)NCC(O)c2cc(O)cc3c2OCC(=O)N3)cc1,sider_inactive
9815560,trans,O=C(O)C1CC(C2CCCCC2)CN1,sider_inactive
9854489,fluticasone,CC1CC2C3CC(F)C4=CC(=O)C=CC4(C)C3(F)C(O)CC2(C)C1(OC(=O)c1ccco1)C(=O)SCF,sider_inactive
9871419,ticagrelor,CCCSc1nc(NC2CC2c2ccc(F)c(F)c2)c2nnn(C3CC(OCCO)C(O)C3O)c2n1,sider_inactive
11561674,apremilast,CCOc1cc(C(CS(C)(=O)=O)N2C(=O)c3cccc(NC(C)=O)c3C2=O)ccc1OC,sider_inactive
9924495,perampanel,N#Cc1ccccc1-c1cc(-c2ccccn2)cn(-c2ccccc2)c1=O,sider_inactive
9930048,vernakalant,COc1ccc(CCOC2CCCCC2N2CCC(O)C2)cc1OC,sider_inactive
9966051,Lu,Cc1ccc(Sc2ccccc2N2CCNCC2)c(C)c1,sider_inactive
10077129,vorapaxar,CCOC(=O)NC1CCC2C(C1)CC1C(=O)OC(C)C1C2C=Cc1ccc(-c2cccc(F)c2)cn1,sider_inactive
10096344,linagliptin,CC#CCn1c(N2CCCC(N)C2)nc2c1c(=O)n(Cc1nc(C)c3ccccc3n1)c(=O)n2C,sider_inactive
15950376,18F-flutemetamol,CNc1ccc(-c2nc3ccc(O)cc3s2)cc1F,sider_inactive
10178705,besifloxacin,NC1CCCCN(c2c(F)cc3c(=O)c(C(=O)O)cn(C4CC4)c3c2Cl)C1,sider_inactive
11658859,lorcaserin,CC1CNCCc2ccc(Cl)cc21,sider_inactive
11001318,tafamidis,O=C(O)c1ccc2nc(-c3cc(Cl)cc(Cl)c3)oc2c1,sider_inactive
11467166,aclidinium,O=C(OC1C[N+]2(CCCOc3ccccc3)CCC1CC2)C(O)(c1cccs1)c1cccs1,sider_inactive
11243969,Saxagliptin,N#CC1CC2CC2N1C(=O)C(N)C12CC3CC(CC(O)(C3)C1)C2,sider_inactive
11304743,riociguat,COC(=O)N(C)c1c(N)nc(-c2nn(Cc3ccccc3F)c3ncccc23)nc1N,sider_inactive
11501341,florbetaben,CNc1ccc(C=Cc2ccc(OCCOCCOCCF)cc2)cc1,sider_inactive
11519069,umeclidinium,OC(c1ccccc1)(c1ccccc1)C12CC[N+](CCOCc3ccccc3)(CC1)CC2,sider_inactive
23652731,eliglustat,CCCCCCCC(=O)NC(CN1CCCC1)C(O)c1ccc2c(c1)OCCO2,sider_inactive
11949646,empagliflozin,OCC1OC(c2ccc(Cl)c(Cc3ccc(OC4CCOC4)cc3)c2)C(O)C(O)C1O,sider_inactive
13559281,ulipristal,CC(=O)C1(O)CCC2C3CCC4=CC(=O)CCC4=C3C(c3ccc(N(C)C)cc3)CC21C,sider_inactive
15951529,MDV3100,CNC(=O)c1ccc(N2C(=S)N(c3ccc(C#N)c(C(F)(F)F)c3)C(=O)C2(C)C)cc1F,sider_inactive
24821094,PCI-32765,C=CC(=O)N1CCCC(n2nc(-c3ccc(Oc4ccccc4)cc3)c3c(N)ncnc32)C1,sider_inactive
19371515,alcaftadine,CN1CCC(=C2c3ccccc3CCn3c(C=O)cnc32)CC1,sider_inactive
24812758,canagliflozin,Cc1ccc(C2OC(CO)C(O)C(O)C2O)cc1Cc1ccc(-c2ccc(F)cc2)s1,sider_inactive
24822371,florbetapir,CNc1ccc(C=Cc2ccc(OCCOCCOCCF)nc2)cc1,sider_inactive
57396865,florbetapir,CNc1ccc(C=Cc2ccc(OCCOCCOCCF)nc2)cc1,sider_inactive
24838347,glucagon,O=C(O)C1OC=CC(O)C1O,sider_inactive
24846132,hetastarch,COC1C(CO)OC(OCC2OC(OC3C(CO)OC(C)C(O)C3O)C(O)C(O)C2OC2OC(CO)C(OC)C(O)C2OCCO)C(O)C1O,sider_inactive
24965990,suvorexant,Cc1ccc(-n2nccn2)c(C(=O)N2CCN(c3nc4cc(Cl)ccc4o3)CCC2C)c1,sider_inactive
54675779,oxytetracycline,CN(C)C1C(=O)C(C([NH])=O)C(=O)C2(O)C(=O)C3C(=O)c4c(O)cccc4C(C)(O)C3C(O)C12,sider_inactive
53477714,heparin,COC1OC(COS(=O)(=O)O)C(OC2OC(C(=O)O)C(OC)C(O)C2OS(=O)(=O)O)C(O)C1NOS(=O)(=O)O,sider_inactive
53627505,hydroxypropyl,[CH2]CC=O,sider_inactive
