,pubchem_cid,inchi_key,smiles,names
0,10917,PHIQHXFUZVPYII-ZCFIWIBFSA-N,C[N+](C)(C)C[C@H](O)CC(=O)[O-],carnitine
1,119,BTCSSZJGUNDROE-UHFFFAOYSA-N,NCCCC(=O)O,gamma-aminobutyric
2,5280360,XEYBRNLFEZDVAW-ARSRFYASSA-N,CCCCC[C@H](O)/C=C/[C@H]1[C@H](O)CC(=O)[C@@H]1C/C=C\CCCC(=O)O,PGE2
3,5280363,PXGPLTODNUVGFL-YNNPMVKQSA-N,CCCCC[C@H](O)/C=C/[C@H]1[C@H](O)C[C@H](O)[C@@H]1C/C=C\CCCC(=O)O,prostaglandin
4,175,QTBSBXVTEAMEQO-UHFFFAOYSA-M,CC(=O)[O-],acetate
5,187,OIPILFWXSMYKGL-UHFFFAOYSA-N,CC(=O)OCC[N+](C)(C)C,acetylcholine
6,60961,OIRDTQYFTABQOQ-KQYNXXCUSA-N,Nc1ncnc2c1ncn2[C@@H]1O[C@H](CO)[C@@H](O)[C@H]1O,adenosine
7,206,WQZGKKKJIJFFOK-UHFFFAOYSA-N,OCC1OC(O)C(O)C(O)C1O,glucose
8,66370,OSNSWKAZFASRNG-WNFIKIDCSA-N,O.OC[C@H]1O[C@H](O)[C@H](O)[C@@H](O)[C@@H]1O,glucose
9,222,QGZKDVFQNNGYKY-UHFFFAOYSA-N,N,ammonia
10,6322,ODKSFYDXXFIFQN-BYPYZUCNSA-N,N=C(N)NCCC[C@H](N)C(=O)O,arginine
11,244,WVDDGKGOMKODPV-UHFFFAOYSA-N,OCc1ccccc1,benzyl
12,247,KWIUHFFTVRNATP-UHFFFAOYSA-N,C[N+](C)(C)CC(=O)[O-],betaine
13,271,BHPQYMZQTOCNFJ-UHFFFAOYSA-N,[Ca+2],calcium
14,297,VNWKTOKETHGBQD-UHFFFAOYSA-N,C,graphene
15,5959,WIIZWVCIJKGZOK-RKDXNWHRSA-N,O=[N+]([O-])c1ccc([C@@H](O)[C@@H](CO)N=C(O)C(Cl)Cl)cc1,chloramphenicol
16,449688,OEYIOHPDSNJKLS-BJUDXGSMSA-N,C[N+](C)([11CH3])CCO,choline
17,312,VEXZGXHMUGYJMC-UHFFFAOYSA-M,[Cl-],chloride
18,338,YGSDEFSMJLZEOE-UHFFFAOYSA-N,O=C(O)c1ccccc1O,salicylate
19,6234,DYDCUQKUCUHJBH-UWTATZPHSA-N,N[C@@H]1CON=C1O,D-cycloserine
20,5780,FBPFZTCFMRRESA-JGWLITMVSA-N,OC[C@H](O)[C@@H](O)[C@H](O)[C@H](O)CO,mannitol
21,564,SLXKOJJOQWFEFD-UHFFFAOYSA-N,NCCCCCC(=O)O,EACA
22,12035,PWKSKIMOESPYIA-BYPYZUCNSA-N,CC(O)=N[C@@H](CS)C(=O)O,N-acetylcysteine
23,598,ZNEWHQLOPFWXOF-UHFFFAOYSA-N,O=S(=O)(O)CCS,mesna
24,612,JVTAAEKCZFNVCJ-UHFFFAOYSA-N,CC(O)C(=O)O,lactate
25,679,IAZDPXIOMUYVGZ-UHFFFAOYSA-N,CS(C)=O,DMSO
26,681,VYFYYTLLBUKUHU-UHFFFAOYSA-N,NCCc1ccc(O)c(O)c1,dopamine
27,700,HZAXFHJVJLSVMW-UHFFFAOYSA-N,NCCO,monoethanolamine
28,727,JLYXXMFPNIAWKQ-UHFFFAOYSA-N,ClC1C(Cl)C(Cl)C(Cl)C(Cl)C1Cl,lindane
29,753,PEDCQBHIVMGVHV-UHFFFAOYSA-N,OCC(O)CO,glycerol
30,767,BVKZGUZCCUSVTD-UHFFFAOYSA-N,O=C(O)O,bicarbonate
31,774,NTYJJOPFIAHURM-UHFFFAOYSA-N,NCCc1cnc[nH]1,histamine
32,785,QIGBRXMKCJKVMJ-UHFFFAOYSA-N,Oc1ccc(O)cc1,quinol
33,813,NPYPAHLBTDXSSS-UHFFFAOYSA-N,[K+],potassium
34,6032,SBUJHOSQTJFQJX-NOAMYHISSA-N,NC[C@H]1O[C@H](O[C@@H]2[C@@H](N)C[C@@H](N)[C@H](O[C@H]3O[C@H](CO)[C@@H](O)[C@H](N)[C@H]3O)[C@H]2O)[C@H](O)[C@@H](O)[C@@H]1O,kanamycin
35,5815,YLXIPWWIOISBDD-NDAAPVSOSA-N,CNC[C@H](O)c1ccc(O)c(O)c1.O=C(O)[C@H](O)[C@@H](O)C(=O)O,epinephrine
36,5819,XUIIKFGFIJCVMT-LBPRGKRZSA-N,N[C@@H](Cc1cc(I)c(Oc2cc(I)c(O)c(I)c2)c(I)c1)C(=O)O,thyroxine
37,5920,AUYYCJSJGJYCDS-LBPRGKRZSA-N,N[C@@H](Cc1cc(I)c(Oc2ccc(O)c(I)c2)c(I)c1)C(=O)O,triiodothyronine
38,888,JLVVSXFLKOJNIY-UHFFFAOYSA-N,[Mg+2],magnesium
39,923,FKNQFGJONOIPTF-UHFFFAOYSA-N,[Na+],sodium
40,942,SNICXCGAKADSCV-UHFFFAOYSA-N,CN1CCCC1c1cccnc1,nicotine
41,89594,SNICXCGAKADSCV-JTQLQIEISA-N,CN1CCC[C@H]1c1cccnc1,nicotine
42,946,IOVCWXUNBOPUCH-UHFFFAOYSA-M,O=N[O-],nitrite
43,948,GQPLMRYTRLFLPF-UHFFFAOYSA-N,[N-]=[N+]=O,nitrous
44,439260,SFLSHLFXELFNJZ-QMMMGPOBSA-N,NC[C@H](O)c1ccc(O)c(O)c1,norepinephrine
45,961,XLYOFNOQVPJJNP-UHFFFAOYSA-M,[OH-],hydroxyl
46,1003,NBIIXXVUZAFLBC-UHFFFAOYSA-M,O=P([O-])(O)O,phosphate
47,1054,LXNHXLLTXMVWPM-UHFFFAOYSA-N,Cc1ncc(CO)c(CO)c1O,pyridoxine
48,445354,FPIPGXGPPPQFEQ-OVSJKPMPSA-N,CC1=C(/C=C/C(C)=C/C=C/C(C)=C/CO)C(C)(C)CCC1,retinol
49,1084,DHCDFWKWKRSZHF-UHFFFAOYSA-L,O=S([O-])([O-])=S,thiosulfate
50,1130,JZRWCGZRTZMZEH-UHFFFAOYSA-N,Cc1ncc(C[n+]2csc(CCO)c2C)c(=N)[nH]1,thiamine
51,10836,MYWUZJCMWCOHBA-VIFPVBQESA-N,CN[C@@H](C)Cc1ccccc1,methamphetamine
52,1727,NUKYPUAOHBNCPY-UHFFFAOYSA-N,N=c1cc[nH]cc1,4-AP
53,1990,RRUDCFGSUDOHDG-UHFFFAOYSA-N,CC(O)=NO,acetohydroxamic
54,1993,NZWOPGCLSHLLPA-UHFFFAOYSA-N,CC(=O)OC(C)C[N+](C)(C)C,methacholine
55,15541,UNFWWIHTNXNPBV-WXKVUWSESA-N,CN[C@H]1[C@@H](O)[C@@H](NC)[C@H](O)[C@H]2O[C@@H]3O[C@H](C)CC(=O)[C@]3(O)O[C@H]12,spectinomycin
56,123600,NDAUXUAQIAJITI-LBPRGKRZSA-N,CC(C)(C)NC[C@H](O)c1ccc(O)c(CO)c1,salbutamol
57,636374,DJHCCTTVDRAMEH-DUUJBDRPSA-N,CCC(=O)OCC(=O)[C@@]1(OC(=O)CC)[C@H](C)C[C@H]2[C@H]3[C@H]([C@@H](O)C[C@@]21C)[C@@]1(C)C=CC(=O)C=C1C[C@H]3Cl,Almeta
58,443958,ILKJAFIWWBXGDU-MOGDOJJUSA-N,CC(=O)OCC(=O)[C@@]12OC3(CCCC3)O[C@@H]1C[C@H]1[C@@H]3CCC4=CC(=O)C=C[C@]4(C)[C@@]3(F)[C@@H](O)C[C@@]12C,amcinonide
59,2140,YVPYQUNUQOZFHG-UHFFFAOYSA-N,CC(O)=Nc1c(I)c(N=C(C)O)c(I)c(C(=O)O)c1I,diatrizoate
60,2141,JKOQGQFVAUAYPM-UHFFFAOYSA-N,NCCCNCCSP(=O)(O)O,amifostine
61,37768,LKCWBDHBTVXHDL-RMDFUYIESA-N,NCC[C@H](O)C(O)=N[C@@H]1C[C@H](N)[C@@H](O[C@H]2O[C@H](CN)[C@@H](O)[C@H](O)[C@H]2O)[C@H](O)[C@H]1O[C@H]1O[C@H](CO)[C@@H](O)[C@H](N)[C@H]1O,amikacin
62,2148,HSMNQINEKMPTIC-UHFFFAOYSA-N,Nc1ccc(C(=O)NCC(=O)O)cc1,p-aminohippurate
63,2153,ZFXYFBGIUFBOJW-UHFFFAOYSA-N,Cn1c(=O)c2nc[nH]c2n(C)c1=O,theophylline
64,2159,NTJOBXMMWNYJFB-UHFFFAOYSA-N,CCN1CCCC1CN=C(O)c1cc(S(=O)(=O)CC)c(N)cc1OC,amisulpride
65,54259,XZKWIPVTHGWDCF-KUZYQSSXSA-N,CCC(C)(C)c1ccc(CC(C)CN2C[C@H](C)O[C@H](C)C2)cc1.Cl,amorolfine
66,6249,AVKUERGKIZMTKX-NJBDSQKTSA-N,CC1(C)S[C@@H]2[C@H](N=C(O)[C@H](N)c3ccccc3)C(=O)N2[C@H]1C(=O)O,ampicillin
67,6005,VMWNQDUVQKEIOC-CYBMUJFWSA-N,CN1CCc2cccc3c2[C@H]1Cc1ccc(O)c(O)c1-3,apomorphine
68,2216,IEJXVRYNEISIKR-UHFFFAOYSA-N,Nc1cc(Cl)c(NC2=NCCN2)c(Cl)c1,apraclonidine
69,92721,AIEZTKLTLCMZIA-CZSXTPSTSA-N,CC1CNc2c(cccc2S(=O)(=O)N[C@@H](CCCNC(=N)N)C(=O)N2CC[C@@H](C)C[C@@H]2C(=O)O)C1.O,argatroban
70,2266,BDJRBEYXGGNYIS-UHFFFAOYSA-N,O=C(O)CCCCCCCC(=O)O,azelaic
71,21700,KUVIULQEHSCUHY-XYWKZLDCSA-N,CCC(=O)OCC(=O)[C@@]1(OC(=O)CC)[C@@H](C)C[C@H]2[C@@H]3CCC4=CC(=O)C=C[C@]4(C)[C@@]3(Cl)[C@@H](O)C[C@@]21C,beclomethasone
72,20469,NBMKJKDGKREAPL-DVTGEIKXSA-N,C[C@H]1C[C@H]2[C@@H]3CCC4=CC(=O)C=C[C@]4(C)[C@@]3(Cl)[C@@H](O)C[C@]2(C)[C@@]1(O)C(=O)CO,beclomethasone
73,2337,BLFLLBZGZJTVJG-UHFFFAOYSA-N,CCOC(=O)c1ccc(N)cc1,benzocaine
74,2341,YXKTVDFXDRQTKV-UHFFFAOYSA-N,CC(Cc1ccccc1)N(C)Cc1ccccc1,benzphetamine
75,6832,GIJXKZJWITVLHI-RTBURBONSA-N,CN1[C@@H]2CC[C@@H]1CC(OC(c1ccccc1)c1ccccc1)C2,benztropine
76,2345,SESFRYSPDFLNCH-UHFFFAOYSA-N,O=C(OCc1ccccc1)c1ccccc1,benzyl
77,2349,JGSARLDLIJGVTE-UHFFFAOYSA-N,CC1(C)SC2C(N=C(O)Cc3ccccc3)C(=O)N2C1C(=O)O,penicillin
78,5904,JGSARLDLIJGVTE-MBNYWOFBSA-N,CC1(C)S[C@@H]2[C@H](N=C(O)Cc3ccccc3)C(=O)N2[C@H]1C(=O)O,penicillin
79,164522,YWGDOWXRIALTES-NRFANRHFSA-N,O=C(O)CCCN1CCC(O[C@@H](c2ccc(Cl)cc2)c2ccccn2)CC1,bepotastine
80,2366,UUQMNUMQCIQDMZ-UHFFFAOYSA-N,CNCCc1ccccn1,betahistine
81,9400,VQODGRNSFPNSQE-CXSFZGCWSA-N,C[C@@H]1C[C@H]2[C@@H]3CCC4=CC(=O)C=C[C@]4(C)[C@@]3(F)[C@@H](O)C[C@]2(C)[C@@]1(O)C(=O)COP(=O)(O)O,dexamethasone
82,60656,CHDPSNLJFOQTRK-LMOVPXPDSA-N,CC(C)NC[C@H](O)COc1ccc(CCOCC2CC2)cc1.Cl,betaxolol
83,2370,NZUPCNDJBJXXRF-UHFFFAOYSA-O,CC(C[N+](C)(C)C)OC(=N)O,bethanechol
84,2391,KHOITXIGCFIULA-UHFFFAOYSA-N,CC(=O)Oc1ccc(C(c2ccc(OC(C)=O)cc2)c2ccccn2)cc1,bisacodyl
85,2431,AAQOQKQBGPPFNS-UHFFFAOYSA-N,CC[N+](C)(C)Cc1ccccc1Br,bretylium
86,2435,XYLJNLCSTIOKRM-UHFFFAOYSA-N,Brc1c(NC2=NCCN2)ccc2nccnc12,brimonidine
87,2441,VMIYHDSEFNYJSL-UHFFFAOYSA-N,OC1=Nc2ccc(Br)cc2C(c2ccccn2)=NC1,bromazepam
88,2442,OJGDCBLYJGHCIH-UHFFFAOYSA-N,CN(Cc1cc(Br)cc(Br)c1N)C1CCCCC1,bromhexine
89,31100,NOJMTMIRQRDZMT-GSPXQYRGSA-N,CC(C)C[C@H]1C(=O)N2CCC[C@H]2[C@]2(O)O[C@](N=C(O)[C@@H]3C=C4c5cccc6[nH]c(Br)c(c56)C[C@H]4N(C)C3)(C(C)C)C(=O)N12.CS(=O)(=O)O,bromocriptine
90,2462,VOVIALXJUBGFJZ-UHFFFAOYSA-N,CCCC1OC2CC3C4CCC5=CC(=O)C=CC5(C)C4C(O)CC3(C)C2(C(=O)CO)O1,budesonide
91,2477,QWCRAEMEVRGPNT-UHFFFAOYSA-N,O=C1CC2(CCCC2)CC(=O)N1CCCCN1CCN(c2ncccn2)CC1,buspirone
92,2484,ABJKWBDEJIDSJZ-UHFFFAOYSA-N,CN(Cc1ccc(C(C)(C)C)cc1)Cc1cccc2ccccc12,butenafine
93,5361092,IFKLAQQSCNILHL-QHAWAJNXSA-N,Oc1ccc2c(c1)[C@@]13CCCC[C@@]1(O)[C@@H](C2)N(CC1CCC1)CC3,butorphanol
94,2519,RYYVLZVUVIJVGH-UHFFFAOYSA-N,Cn1c(=O)c2c(ncn2C)n(C)c1=O,caffeine
95,5288783,LWQQLNNNIPYSNX-UROSTWAQSA-N,C=C1/C(=C\C=C2/CCC[C@@]3(C)[C@H]2CC[C@@H]3[C@H](C)/C=C/[C@@H](O)C2CC2)C[C@@H](O)C[C@@H]1O,calcipotriol
96,6436131,LWQQLNNNIPYSNX-OUSHRDKSSA-N,C=C1/C(=C\C=C2/CCC[C@@]3(C)C2CC[C@@H]3[C@H](C)/C=C/[C@@H](O)C2CC2)C[C@@H](O)C[C@@H]1O,calcipotriol
97,1548943,YKPUWZUDDOIDPM-SOFGYWHQSA-N,COc1cc(CN=C(O)CCCC/C=C/C(C)C)ccc1O,capsaicin
98,2551,VPJXQGSRWJZDOB-UHFFFAOYSA-O,C[N+](C)(C)CCOC(=N)O,carbachol
99,20824,FPPNZSSZRUTDAP-UWFZAAFLSA-N,CC1(C)S[C@@H]2[C@H](N=C(O)C(C(=O)O)c3ccccc3)C(=O)N2[C@H]1C(=O)O,carbenicillin
100,34359,TZFNLOMSOLWIDK-JTQLQIEISA-N,C[C@@](Cc1ccc(O)c(O)c1)(NN)C(=O)O,carbidopa
101,2564,OJFSXZCBGQGRNV-UHFFFAOYSA-N,CN(C)CCOC(c1ccc(Cl)cc1)c1ccccn1,carbinoxamine
102,2576,OFZCIYFFPZCNJE-UHFFFAOYSA-N,CCCC(C)(COC(=N)O)COC(O)=NC(C)C,carisoprodol
103,2583,LWAFSWPYPHEXKX-UHFFFAOYSA-N,CC(C)(C)NCC(O)COc1cccc2c1CCC(O)=N2,carteolol
104,6533629,NNULBSISHYWZJU-LLKWHZGFSA-N,CO/N=C(\C(O)=N[C@@H]1C(=O)N2C(C(=O)O)=CCS[C@H]12)c1csc(=N)[nH]1,ceftizoxime
105,2663,JOATXPAWOHTVSZ-UHFFFAOYSA-N,CCN(CC)C(O)=Nc1ccc(OCC(O)CNC(C)(C)C)c(C(C)=O)c1,celiprolol
106,9552079,GHXZTYHSJHQHIJ-UHFFFAOYSA-N,N=C(NCCCCCCNC(=N)NC(=N)Nc1ccc(Cl)cc1)NC(=N)Nc1ccc(Cl)cc1,chlorhexidine
107,2719,WHTVZRBIWZFKQO-UHFFFAOYSA-N,CCN(CC)CCCC(C)Nc1ccnc2cc(Cl)ccc12,chloroquine
108,2725,SOYKEARSMXGVTM-UHFFFAOYSA-N,CN(C)CCC(c1ccc(Cl)cc1)c1ccccn1,chlorpheniramine
109,33036,SOYKEARSMXGVTM-HNNXBMFYSA-N,CN(C)CC[C@@H](c1ccc(Cl)cc1)c1ccccn1,chlorpheniramine
110,2733,TZFWDZFKRBELIQ-UHFFFAOYSA-N,Oc1nc2cc(Cl)ccc2o1,chlorzoxazone
111,2749,SCKYRAXSEDYPSA-UHFFFAOYSA-N,Cc1cc(C2CCCCC2)n(O)c(=O)c1,ciclopirox
112,2762,VDUWPHTZYNWKRN-UHFFFAOYSA-N,CCn1nc(C(=O)O)c(=O)c2cc3c(cc21)OCO3,cinoxacin
113,26986,PMGQWSIVQFOFOQ-MUCZFFFMSA-N,CN1CCC[C@@H]1CCO[C@](C)(c1ccccc1)c1ccc(Cl)cc1.O=C(O)C=CC(=O)O,clemastine
114,32798,CBGUOGMQLZIXBE-XGQKBEPLSA-N,CCC(=O)O[C@]1(C(=O)CCl)[C@@H](C)C[C@H]2[C@@H]3CCC4=CC(=O)C=C[C@]4(C)[C@@]3(F)[C@@H](O)C[C@@]21C,clobetasol
115,71386,FBRAWBYQGRLCEK-AVVSTMBFSA-N,CCCC(=O)O[C@]1(C(=O)CCl)[C@@H](C)C[C@H]2[C@@H]3CCC4=CC(=O)C=C[C@]4(C)[C@@]3(F)C(=O)C[C@@]21C,clobetasone
116,2809,XDDJGVMJFWAHJX-UHFFFAOYSA-N,O=C(O)C1N=C(c2ccccc2)c2cc(Cl)ccc2N=C1O,clorazepate
117,446220,ZPUCINDJVBIVPJ-LJISPDSOSA-N,COC(=O)[C@H]1[C@@H](OC(=O)c2ccccc2)C[C@@H]2CC[C@H]1N2C,cocaine
118,5284371,OROGSEYTTFOCAN-DNJOTXNNSA-N,COc1ccc2c3c1O[C@H]1[C@@H](O)C=C[C@H]4[C@@H](C2)N(C)CC[C@]314,codeine
119,688020,DNTGGZPQPQTDQF-XBXARRHUSA-N,C/C=C/C(=O)N(CC)c1ccccc1C,crotamiton
120,5311498,FDJOLVPMNUYSCM-WZHZPDAFSA-L,CC1=C2N=C(C=C3N=C(C(C)=C4N[C@@](C)([C@@H]5N=C1[C@](C)(CCC(O)=NC[C@@H](C)OP(=O)(O)O[C@@H]1[C@@H](CO)O[C@H]([n+]6c[nH]c7cc(C)c(C)cc76)[C@@H]1O)[C@H]5CC(=N)O)[C@@](C)(CC(=N)O)[C@@H]4CCC(=N)[O-])[C@@](C)(CC(=N)O)[C@@H]3CCC(=N)[O-])C(C)(C)[C@@H]2CCC(=N)[O-].[C-]#N.[Co+3],cyanocobalamin
121,2905,SKYSRIRYMSLOIN-UHFFFAOYSA-N,CN(C)CCOC(=O)C(c1ccccc1)C1(O)CCCC1,cyclopentolate
122,16078,CYQFCXCEBYINGO-IAGOWNOFSA-N,CCCCCc1cc(O)c2c(c1)OC(C)(C)[C@@H]1CCC(C)=C[C@@H]21,delta
123,9793,VWVSBHGCDBMOOT-OKPPOTDYSA-N,C[C@@H]1CC2C3CCC4=CC(=O)C=CC4(C)[C@@]3(F)C(O)CC2(C)C1C(=O)CO,desoximetasone
124,5311067,VWVSBHGCDBMOOT-IIEHVVJPSA-N,C[C@@H]1C[C@H]2[C@@H]3CCC4=CC(=O)C=C[C@]4(C)[C@@]3(F)[C@@H](O)C[C@]2(C)[C@H]1C(=O)CO,desoximetasone
125,3007,KWTSXDURSIMDCE-UHFFFAOYSA-N,CC(N)Cc1ccccc1,amphetamine
126,5825,PYHRZPFZZDCOPH-QXGOIDDHSA-N,C[C@H](N)Cc1ccccc1.C[C@H](N)Cc1ccccc1.O=S(=O)(O)O,amphetamine
127,5360696,MKXZASYAUGDDCJ-NJAFHUGGSA-N,COc1ccc2c(c1)[C@]13CCCC[C@@H]1[C@H](C2)N(C)CC3,dextromethorphan
128,3009,VLCYCQAOQCDTCN-UHFFFAOYSA-N,NCCCC(N)(C(=O)O)C(F)F,DFMO
129,3042,CURUTKGFNZGFSE-UHFFFAOYSA-N,CCN(CC)CCOC(=O)C1(C2CCCCC2)CCCCC1,dicyclomine
130,3053,QPCDCPDFJACHGM-UHFFFAOYSA-N,O=C(O)CN(CCN(CC(=O)O)CC(=O)O)CCN(CC(=O)O)CC(=O)O,diethylenetriaminepentaacetic
131,71414,BOBLHFUVNSFZPJ-JOYXJVLSSA-N,CC(=O)OCC(=O)[C@@]1(OC(C)=O)[C@@H](C)C[C@H]2[C@@H]3C[C@H](F)C4=CC(=O)C=C[C@]4(C)[C@@]3(F)[C@@H](O)C[C@@]21C,diflorasone
132,443936,WYQPLTPSGFELIB-JTQPXKBDSA-N,CCCC(=O)O[C@]1(C(=O)COC(C)=O)CC[C@H]2[C@@H]3C[C@H](F)C4=CC(=O)C=C[C@]4(C)[C@@]3(F)[C@@H](O)C[C@@]21C,epitopic
133,2724385,LTMHDMANZUZIPE-PUGKRICDSA-N,C[C@H]1O[C@@H](O[C@H]2[C@@H](O)C[C@H](O[C@H]3[C@@H](O)C[C@H](O[C@H]4CC[C@]5(C)[C@H]6C[C@@H](O)[C@]7(C)[C@@H](C8=CC(=O)OC8)CC[C@]7(O)[C@@H]6CC[C@@H]5C4)O[C@@H]3C)O[C@@H]2C)C[C@H](O)[C@@H]1O,digoxin
134,10531,LUZRJRNZXALNLM-JGRZULCMSA-N,CN1C[C@H](C(O)=N[C@]2(C)O[C@@]3(O)[C@@H]4CCCN4C(=O)[C@H](Cc4ccccc4)N3C2=O)C[C@@H]2c3cccc4[nH]cc(c34)C[C@H]21,dihydroergotamine
135,3080,WQABCVAJNWAXTE-UHFFFAOYSA-N,OCC(S)CS,dimercaprol
136,3100,ZZVUWRFHKOJYTH-UHFFFAOYSA-N,CN(C)CCOC(c1ccccc1)c1ccccc1,diphenhydramine
137,3105,OCUJLLGVOUDECM-UHFFFAOYSA-N,CNCC(O)c1ccc(OC(=O)C(C)(C)C)c(OC(=O)C(C)(C)C)c1,dipivefrin
138,3151,FGXWKSZFVQUSTL-UHFFFAOYSA-N,Oc1nc2ccccc2n1CCCN1CCC(n2c(O)nc3cc(Cl)ccc32)CC1,domperidone
139,5284549,IAVUPMFITXYVAF-XPUUQOCRSA-N,CCN[C@H]1C[C@H](C)S(=O)(=O)c2sc(S(N)(=O)=O)cc21,dorzolamide
140,3156,XFDJYSQDBULQSI-UHFFFAOYSA-N,CCN1CC(CCN2CCOCC2)C(c2ccccc2)(c2ccccc2)C1=O,doxapram
141,3168,RMEDXOLNCUSCGS-UHFFFAOYSA-N,O=C(CCCN1CC=C(n2c(O)nc3ccccc32)CC1)c1ccc(F)cc1,droperidol
142,92974,QXWYKJLNLSIPIN-JGVFFNPUSA-N,N[C@H](C(=O)O)[C@H](O)c1ccc(O)c(O)c1,L-threo-DOPS
143,3182,KSCFJBIXMNOVSH-UHFFFAOYSA-N,Cn1c(=O)c2c(ncn2CC(O)CO)n(C)c1=O,dyphylline
144,3198,LEZWWPYKPKIXLL-UHFFFAOYSA-N,Clc1ccc(COC(Cn2ccnc2)c2ccc(Cl)cc2Cl)cc1,econazole
145,3202,VWLHWLSRQJQWRG-UHFFFAOYSA-O,CC[N+](C)(C)c1cccc(O)c1,edrophonium
146,446284,JAZBEHYOTPTENJ-JLNKQSITSA-N,CC/C=C\C/C=C\C/C=C\C/C=C\C/C=C\CCCC(=O)O,eicosapentaenoic
147,3219,KBUZBQVCBVDWKX-UHFFFAOYSA-N,CCOCCn1c(N2CCCN(C)CC2)nc2ccccc21,emedastine
148,3241,WHWZLSFABNNENI-UHFFFAOYSA-N,N=C1NCC2c3ccccc3Cc3ccccc3N12,epinastine
149,5280793,MECHNRXZTMCUDQ-RKHKHRCZSA-N,C=C1CC[C@H](O)C/C1=C/C=C1\CCC[C@@]2(C)[C@H]1CC[C@@H]2[C@H](C)/C=C/[C@H](C)C(C)C,vitamin
150,443884,WVVSZNPYNCNODU-XTQGRXLLSA-N,C[C@@H](CO)N=C(O)[C@@H]1C=C2c3cccc4[nH]cc(c34)C[C@H]2N(C)C1,ergonovine
151,8223,XCGSFFUVFURLIX-VFGNJEKYSA-N,CN1C[C@H](C(O)=N[C@]2(C)O[C@@]3(O)[C@@H]4CCCN4C(=O)[C@H](Cc4ccccc4)N3C2=O)C=C2c3cccc4[nH]cc(c34)C[C@H]21,ergotamine
152,8233,ULGZDMOVFRHVEP-YEPXRZJNSA-N,CC[C@H]1OC(=O)[C@H](C)[C@@H](O[C@H]2C[C@@](C)(OC)[C@@H](O)[C@H](C)O2)[C@H](C)[C@@H](O[C@H]2O[C@@H](C)C[C@@H](N(C)C)[C@@H]2O)[C@](C)(O)C[C@@H](C)C(=O)[C@H](C)[C@@H](O)[C@]1(C)O,erythromycin
153,40291,IIUMCNJTGSMNRO-YKQIATFDSA-L,CC12CCC3c4ccc(OC(=O)N(CCCl)CCCl)cc4CCC3C1CC[C@@H]2OP(=O)([O-])[O-].[Na+].[Na+],estramustine
154,5756,PROQIPRRNZUXQM-ZXXIGWHRSA-N,C[C@]12CC[C@@H]3c4ccc(O)cc4CC[C@H]3[C@@H]1C[C@@H](O)[C@@H]2O,estriol
155,3291,HAPOVYFOVVWLRS-UHFFFAOYSA-N,CCC1(C)CC(O)=NC1=O,ethosuximide
156,3292,SZQIFWWUIBRPBZ-UHFFFAOYSA-N,CCN1C(=O)C(c2ccccc2)N=C1O,ethotoin
157,3305,DBVJJBKOTRCVKF-UHFFFAOYSA-N,CC(O)(P(=O)(O)O)P(=O)(O)O,etidronate
158,3348,RWTNPBWLLIMQHL-UHFFFAOYSA-N,CC(C)(C(=O)O)c1ccc(C(O)CCCN2CCC(C(O)(c3ccccc3)c3ccccc3)CC2)cc1,fexofenadine
159,57363,DBEPLOCGEIEOCV-WSBQPABSSA-N,CC(C)(C)N=C(O)[C@H]1CC[C@H]2[C@@H]3CC[C@H]4N=C(O)C=C[C@]4(C)[C@H]3CC[C@]12C,finasteride
160,3354,SPIUTQOUKAMGCX-UHFFFAOYSA-N,Cc1c(-c2ccccc2)oc2c(C(=O)OCCN3CCCCC3)cccc2c1=O,flavoxate
161,225609,SYWHXTATXSMDSB-GSLJADNHSA-N,CC(=O)OCC(=O)[C@@]1(O)CC[C@H]2[C@@H]3CCC4=CC(=O)CC[C@]4(C)[C@@]3(F)[C@@H](O)C[C@@]21C,fludrocortisone
162,3373,OFBIFZUFASYYRE-UHFFFAOYSA-N,CCOC(=O)c1ncn2c1CN(C)C(=O)c1cc(F)ccc1-2,flumazenil
163,71415,WXURHACBFYSXBI-XHIJKXOTSA-N,C[C@H]1C[C@H]2[C@@H]3C[C@H](F)C4=CC(=O)C=C[C@]4(C)[C@@]3(F)[C@@H](O)C[C@]2(C)[C@@]1(O)C(=O)CO,flumethasone
164,82153,XSFJVAJPIHIPKU-XWCQMRHXSA-N,CC1(C)O[C@@H]2C[C@H]3[C@@H]4C[C@H](F)C5=CC(=O)C=C[C@]5(C)[C@H]4[C@@H](O)C[C@]3(C)[C@]2(C(=O)CO)O1,flunisolide
165,3380,PPTYJKAXVCCBDU-UHFFFAOYSA-N,CN1C(=O)CN=C(c2ccccc2F)c2cc([N+](=O)[O-])ccc21,flunitrazepam
166,6215,FEBLZLNTKCEFIT-VSXGLTOVSA-N,CC1(C)O[C@@H]2C[C@H]3[C@@H]4C[C@H](F)C5=CC(=O)C=C[C@]5(C)[C@@]4(F)[C@@H](O)C[C@]3(C)[C@]2(C(=O)CO)O1,fluocinolone
167,9642,WJOHZNCJWYWUJD-IUGZLZTKSA-N,CC(=O)OCC(=O)[C@@]12OC(C)(C)O[C@@H]1C[C@H]1[C@@H]3C[C@H](F)C4=CC(=O)C=C[C@]4(C)[C@@]3(F)[C@@H](O)C[C@@]12C,fluocinonide
168,9878,FAOZLTXFLGPHNG-KNAQIMQKSA-N,CC(=O)[C@@]1(O)CC[C@H]2[C@@H]3C[C@H](C)C4=CC(=O)C=C[C@]4(C)[C@@]3(F)[C@@H](O)C[C@@]21C,fluorometholone
169,15209,POPFMWWJOGLOIF-XWCQMRHXSA-N,CC1(C)O[C@@H]2C[C@H]3[C@@H]4C[C@H](F)C5=CC(=O)CC[C@]5(C)[C@H]4[C@@H](O)C[C@]3(C)[C@]2(C(=O)CO)O1,flurandrenolone
170,444036,WMWTYOKRWGGJOA-CENSZEJFSA-N,CCC(=O)O[C@]1(C(=O)SCF)[C@H](C)C[C@H]2[C@@H]3C[C@H](F)C4=CC(=O)C=C[C@]4(C)[C@@]3(F)[C@@H](O)C[C@@]21C,fluticasone
171,6037,OVBPIULPVIDEAO-LBPRGKRZSA-N,N=c1nc(O)c2nc(CNc3ccc(C(=O)N[C@@H](CCC(=O)O)C(=O)O)cc3)cnc2[nH]1,folate
172,3410,BPZSYCZIITTYBL-UHFFFAOYSA-N,COc1ccc(CC(C)NCC(O)c2ccc(O)c(N=CO)c2)cc1,formoterol
173,3034756,BPZSYCZIITTYBL-ORAYPTAESA-N,COc1ccc(C[C@H](C)NC[C@@H](O)c2ccc(O)c(N=CO)c2)cc1,formoterol
174,3083544,BPZSYCZIITTYBL-YJYMSZOUSA-N,COc1ccc(C[C@@H](C)NC[C@H](O)c2ccc(O)c(N=CO)c2)cc1,formoterol
175,3032525,IECPWNUMDGFDKC-OHKGZEFISA-N,CC(=O)O[C@H]1C[C@@]2(C)[C@@H](C[C@@H](O)C3[C@@]4(C)CC[C@@H](O)[C@@H](C)[C@@H]4CC[C@@]32C)/C1=C(\CCC=C(C)C)C(=O)O,fusidic
176,6434870,KYBOHGVERHWSSV-VENBMSGHSA-N,CCCCC(C)(C)[C@H](O)/C=C\[C@@H]1[C@@H](O)CC(=O)[C@H]1CCCC/C=C/C(=O)OC,gemeprost
177,3494,ANGKOCUUWGHLCE-UHFFFAOYSA-N,C[N+]1(C)CCC(OC(=O)C(O)(c2ccccc2)C2CCCC2)C1,glycopyrrolate
178,3516,HSRJKNPTNIJEKV-UHFFFAOYSA-N,COc1ccccc1OCC(O)CO,guaifenesin
179,18342,MUQNGPZZQDCDFT-FYTRABRASA-N,CC1(C)O[C@@H]2C[C@H]3C4CCC5=CC(=O)CCC5(C)[C@@]4(F)C(O)CC3(C)[C@]2(C(=O)CCl)O1,halcinonide
180,443943,MUQNGPZZQDCDFT-JNQJZLCISA-N,CC1(C)O[C@@H]2C[C@H]3[C@@H]4CCC5=CC(=O)CC[C@]5(C)[C@@]4(F)[C@@H](O)C[C@]3(C)[C@]2(C(=O)CCl)O1,halcinonide
181,3598,ACGUYXCXAPNIKK-UHFFFAOYSA-N,Oc1c(Cl)cc(Cl)c(Cl)c1Cc1c(O)c(Cl)cc(Cl)c1Cl,hexachlorophene
182,3623,ZTVIKZXZYLEVOL-UHFFFAOYSA-N,CN1C2CCC1CC(OC(=O)C(O)c1ccccc1)C2,homatropine
183,5282593,ZTVIKZXZYLEVOL-DGKWVBSXSA-N,CN1[C@H]2CC[C@@H]1CC(OC(=O)C(O)c1ccccc1)C2,homatropine
184,9003,HOZOZZFCZRXYEK-GXLSIKBRSA-M,CCCC[N+]1(C)[C@H]2CC(OC(=O)C(CO)c3ccccc3)C[C@H]1[C@H]1O[C@@H]21.[Br-],Buscopan
185,26133,BMCQMVFGOVHVNG-TUFAYURCSA-N,CCCC(=O)O[C@]1(C(=O)CO)CC[C@H]2[C@@H]3CCC4=CC(=O)CC[C@]4(C)[C@H]3[C@@H](O)C[C@@]21C,hydrocortisone
186,3658,ZQDWXGKKHFNSQK-UHFFFAOYSA-N,OCCOCCN1CCN(C(c2ccccc2)c2ccc(Cl)cc2)CC1,hydroxyzine
187,3661,RKUNBYITZUJHSG-UHFFFAOYSA-N,CN1C2CCC1CC(OC(=O)C(CO)c1ccccc1)C2,atropine
188,154417,RKUNBYITZUJHSG-VFSICIBPSA-N,CN1[C@H]2CC[C@@H]1CC(OC(=O)[C@H](CO)c1ccccc1)C2,atropine
189,174174,RKUNBYITZUJHSG-PJPHBNEVSA-N,CN1[C@H]2CC[C@@H]1CC(OC(=O)C(CO)c1ccccc1)C2,atropine
190,3676,NNJVILVZKWQKPM-UHFFFAOYSA-N,CCN(CC)CC(O)=Nc1c(C)cccc1C,lidocaine
191,42593,JVHPTYWUBOQMBP-NSESVTCLSA-N,CC(=O)[C@]1(O)Cc2c(O)c3c(c(O)c2[C@@H](OC2CC(N)C(O)C(C)O2)C1)C(=O)c1ccccc1C3=O.Cl,idarubicin
192,5905,XQFRJNBWHJMXHO-RRKCRQDMSA-N,O=c1nc(O)c(I)cn1[C@H]1C[C@H](O)[C@@H](CO)O1,IdUrd
193,3724,NBQNWMBBSKPBAY-UHFFFAOYSA-N,CC(=O)N(CC(O)CN(C(C)=O)c1c(I)c(C(O)=NCC(O)CO)c(I)c(C(O)=NCC(O)CO)c1I)c1c(I)c(C(O)=NCC(O)CO)c(I)c(C(O)=NCC(O)CO)c1I,iodixanol
194,3730,NTHXOOBQLCIOLC-UHFFFAOYSA-N,CC(=O)N(CC(O)CO)c1c(I)c(C(O)=NCC(O)CO)c(I)c(C(O)=NCC(O)CO)c1I,iohexol
195,3736,DGAIEPBNLOQYER-UHFFFAOYSA-N,COCC(O)=Nc1c(I)c(C(=O)N(C)CC(O)CO)c(I)c(C(O)=NCC(O)CO)c1I,iopromide
196,3737,UXIGWFXRQKWHHA-UHFFFAOYSA-N,CN=C(O)c1c(I)c(N=C(C)O)c(I)c(C(=O)O)c1I,sodium
197,3738,XUHXFSYUBXNTHU-UHFFFAOYSA-N,CN(C(=O)CC(=O)N(C)c1c(I)c(C(O)=NC(CO)C(O)CO)c(I)c(C(O)=NC(CO)C(O)CO)c1I)c1c(I)c(C(O)=NC(CO)C(O)CO)c(I)c(C(O)=NC(CO)C(O)CO)c1I,iotrolan
198,3739,FFINMCNLQNTKLU-UHFFFAOYSA-N,O=C(O)c1c(I)cc(I)c(N=C(O)CCCCC(O)=Nc2c(I)cc(I)c(C(=O)O)c2I)c1I,iodipamide
199,3741,AMDBBAQNWSUWGN-UHFFFAOYSA-N,O=C(CO)N(CCO)c1c(I)c(C(O)=NCC(O)CO)c(I)c(C(O)=NCC(O)CO)c1I,ioversol
200,3742,TYYBFXNZMFNZJT-UHFFFAOYSA-N,CN=C(O)c1c(I)c(C(O)=NCC(O)=Nc2c(I)c(C(=O)O)c(I)c(C(O)=NCCO)c2I)c(I)c(N(C)C(C)=O)c1I,ioxaglate
201,3746,OEXHQOGQTVQTAT-UHFFFAOYSA-N,CC(C)[N+]1(C)C2CCC1CC(OC(=O)C(CO)c1ccccc1)C2,ipratropium
202,43232,OEXHQOGQTVQTAT-IPHBXJNRSA-N,CC(C)[N+]1(C)[C@@H]2CC[C@@H]1CC(OC(=O)C(CO)c1ccccc1)C2,ipratropium
203,3759,XKFPYPQQHFEXRZ-UHFFFAOYSA-N,Cc1cc(C(=O)NNCc2ccccc2)no1,isocarboxazid
204,5282175,XXUPXHKCPIKWLR-JHUOEJJVSA-N,CCCCCCCC(=O)CC[C@H]1[C@H](O)C[C@H](O)[C@@H]1C/C=C\CCCC(=O)OC(C)C,isopropyl
205,3779,JWZZKOKVBUJMES-UHFFFAOYSA-N,CC(C)NCC(O)c1ccc(O)c(O)c1,isoproterenol
206,6883,MOYKHGMNXAOIAT-JGWLITMVSA-N,O=[N+]([O-])O[C@H]1CO[C@H]2[C@@H]1OC[C@H]2O[N+](=O)[O-],isosorbide
207,3783,BMUKKTUHUDJSNZ-UHFFFAOYSA-N,CC(COc1ccccc1)NC(C)C(O)c1ccc(O)cc1,isoxsuprine
208,3821,YQEZLKZALYSWHR-UHFFFAOYSA-N,CNC1(c2ccccc2Cl)CCCCC1=O,ketamine
209,3830,QANMHLXAZMSUEX-UHFFFAOYSA-N,c1coc(CNc2nc[nH]c3ncnc2-3)c1,cytokinin
210,3848,VOXXWSYKYCBWHO-UHFFFAOYSA-N,O=C(O)C(O)Cc1ccccc1,phenyllactate
211,11333,JCQLYHFGKNRPGE-FCVZTGTOSA-N,OC[C@H]1O[C@](O)(CO)[C@@H](O)[C@@H]1O[C@@H]1O[C@H](CO)[C@H](O)[C@H](O)[C@H]1O,lactulose
212,5282380,GGXICVAJURFBLW-RDSJPUOVSA-N,CC(C)OC(=O)CCC/C=C/C[C@H]1[C@@H](O)C[C@@H](O)[C@@H]1CC[C@@H](O)CCc1ccccc1,latanoprost
213,39468,IXHBTMCLRNMKHZ-LBPRGKRZSA-N,CC(C)(C)NC[C@H](O)COc1cccc2c1CCCC2=O,levobunolol
214,54384,OICFWWJHIMKBCD-SFUPJVRMSA-N,C[C@@H]1CN(C2CCC(C#N)(c3ccc(F)cc3)CC2)CC[C@]1(C(=O)O)c1ccccc1.Cl,levocabastine
215,5359272,JAQUASYNZVUNQP-USXIJHARSA-N,CN1CC[C@]23CCCC[C@H]2[C@H]1Cc1ccc(O)cc13,dextrorphan
216,28864,BKRGVLQUQGGVSM-KBXCAEBGSA-N,CCN(CC)C(O)=N[C@H]1C=C2c3cccc4[nH]cc(c34)C[C@H]2N(C)C1,lisuride
217,3939,WMFOQBRAJBCJND-UHFFFAOYSA-M,[Li+].[OH-],LiOH
218,3954,RDOIQAHITMMDAJ-UHFFFAOYSA-O,C[NH+](C)C(=O)C(CCN1CCC(O)(c2ccc(Cl)cc2)CC1)(c1ccccc1)c1ccccc1,loperamide
219,3998,TYMRLRRVMHJFTF-UHFFFAOYSA-N,NCc1ccc(S(N)(=O)=O)cc1,mafenide
220,4004,JXSJBGJIGXNWCI-UHFFFAOYSA-N,CCOC(=O)CC(SP(=S)(OC)OC)C(=O)OCC,malathion
221,4030,OPXLLQIJSORQAM-UHFFFAOYSA-N,COC(O)=Nc1nc2ccc(C(=O)c3ccccc3)cc2[nH]1,mebendazole
222,4031,VYVKHNNGDFVQGA-UHFFFAOYSA-N,CCN(CCCCOC(=O)c1ccc(OC)c(OC)c1)C(C)Cc1ccc(OC)cc1,mebeverine
223,4032,IMYZQPCYWPFTAG-UHFFFAOYSA-N,CNC1(C)C2CCC(C2)C1(C)C,mecamylamine
224,4034,OCJYIGYOJCODJL-UHFFFAOYSA-N,Cc1cccc(CN2CCN(C(c3ccccc3)c3ccc(Cl)cc3)CC2)c1,monamine
225,247839,GZENKSODFLBBHQ-ILSZZQPISA-N,CC(=O)[C@H]1CC[C@H]2[C@@H]3C[C@H](C)C4=CC(=O)CC[C@]4(C)[C@H]3[C@@H](O)C[C@]12C,medrysone
226,11683,RQZAXGRLVPAYTJ-GQFGMJRRSA-N,CC(=O)O[C@]1(C(C)=O)CC[C@H]2[C@@H]3C=C(C)C4=CC(=O)CC[C@]4(C)[C@H]3CC[C@@]21C,megestrol
227,4057,GKNPSSNBBWDAGH-UHFFFAOYSA-N,C[N+]1(C)CCCC(OC(=O)C(O)(c2ccccc2)c2ccccc2)C1,Cantril
228,4058,XADCESSVHJOZHK-UHFFFAOYSA-N,CCOC(=O)C1(c2ccccc2)CCN(C)CC1,meperidine
229,4062,INWLQCZOYSRPNW-UHFFFAOYSA-N,Cc1cccc(C)c1N=C(O)C1CCCCN1C,mepivacaine
230,4064,NPPQSCRMBWNHMW-UHFFFAOYSA-N,CCCC(C)(COC(=N)O)COC(=N)O,meprobamate
231,4086,LMOINURANNBYCM-UHFFFAOYSA-N,CC(C)NCC(O)c1cc(O)cc(O)c1,metaproterenol
232,4095,USSIQXCVUWKGNF-UHFFFAOYSA-N,CCC(=O)C(CC(C)N(C)C)(c1ccccc1)c1ccccc1,methadone
233,4101,VKYKSIONXSXAKP-UHFFFAOYSA-N,C1N2CN3CN1CN(C2)C3,methenamine
234,4114,QXKHYNVANLEOEG-UHFFFAOYSA-N,COc1c2occc2cc2ccc(=O)oc12,8-MOP
235,4120,LZCOQTDXKCNBEE-UHFFFAOYSA-N,C[N+]1(C)C2CC(OC(=O)C(CO)c3ccccc3)CC1C1OC12,N-methylscopolamine
236,49800046,CXYRUNPLKGGUJF-QUYMBCDVSA-M,C[N+]1(C)[C@H]2CC(OC(=O)[C@H](CO)c3ccccc3)C[C@H]1[C@H]1O[C@@H]21.[Br-],N-methylscopolamine
237,8226,UNBRKDKAWYKMIV-QWQRMKEZSA-N,CC[C@@H](CO)N=C(O)[C@@H]1C=C2c3cccc4[nH]cc(c34)C[C@H]2N(C)C1,methylergometrine
238,9681,KPJZHOPZRAFDTN-ZRGWGRIASA-N,CC[C@@H](CO)N=C(O)[C@@H]1C=C2c3cccc4c3c(cn4C)C[C@H]2N(C)C1,methysergide
239,4174,FJLBFSROUSIWMA-UHFFFAOYSA-N,CC(C)(C(=O)c1cccnc1)c1cccnc1,metyrapone
240,4192,DDLIGBOFAVUZHB-UHFFFAOYSA-N,Cc1ncc2n1-c1ccc(Cl)cc1C(c1ccccc1F)=NC2,midazolam
241,55245,VKHAHZOOUSRJNA-GCNJZUOMSA-N,CC#C[C@]1(O)CC[C@H]2[C@@H]3CCC4=CC(=O)CCC4=C3[C@@H](c3ccc(N(C)C)cc3)C[C@@]21C,mifepristone
242,55188,WOFMFGQZHJDGCX-GMAXYDNZSA-N,C[C@@H]1C[C@H]2C3CCC4=CC(=O)C=C[C@]4(C)[C@@]3(Cl)[C@@H](O)C[C@]2(C)[C@@]1(OC(=O)c1ccco1)C(=O)CCl,mometasone
243,441336,WOFMFGQZHJDGCX-ZULDAHANSA-N,C[C@@H]1C[C@H]2[C@@H]3CCC4=CC(=O)C=C[C@]4(C)[C@@]3(Cl)[C@@H](O)C[C@]2(C)[C@@]1(OC(=O)c1ccco1)C(=O)CCl,mometasone
244,4253,BQJCRHHNABKAKU-UHFFFAOYSA-N,CN1CCC23c4c5ccc(O)c4OC2C(O)C=CC3C1C5,morphine
245,446596,MINDHVHHQZYEEK-HBBNESRFSA-N,C/C(=C\C(=O)OCCCCCCCCC(=O)O)C[C@@H]1OC[C@H](C[C@@H]2O[C@H]2[C@@H](C)[C@H](C)O)[C@@H](O)[C@H]1O,mupirocin
246,4274,QCWJONLQSHEGEJ-UHFFFAOYSA-N,CCOCCP(CCOCC)CCP(CCOCC)CCOCC,tetrofosmin
247,5311304,NETZHAKZCGBWSS-CEDHKZHLSA-N,Oc1ccc2c3c1O[C@H]1[C@@H](O)CC[C@@]4(O)[C@@H](C2)N(CC2CCC2)CC[C@]314,nalbuphine
248,5284596,UZHSEJADLWPNLE-GRGSLBFTSA-N,C=CCN1CC[C@]23c4c5ccc(O)c4O[C@H]2C(=O)CC[C@@]3(O)[C@H]1C5,naloxone
249,4436,CNIIGCLFLJGOGP-UHFFFAOYSA-N,c1ccc2c(CC3=NCCN3)cccc2c1,naphazoline
250,4450,RGPDEAGGEXEMMM-UHFFFAOYSA-N,CN1CCOC(c2ccccc2)c2ccccc2C1,nefopam
251,4454,PGBHMTALBVVCIT-UHFFFAOYSA-N,NCC1OC(OC2C(CO)OC(OC3C(O)C(N)CC(N)C3OC3OC(CN)C(O)C(O)C3N)C2O)C(N)C(O)C1O,neomycin
252,8378,PGBHMTALBVVCIT-VCIWKGPPSA-N,NC[C@@H]1O[C@H](O[C@@H]2[C@@H](CO)O[C@@H](O[C@@H]3[C@@H](O)[C@H](N)C[C@H](N)[C@H]3O[C@H]3O[C@H](CN)[C@@H](O)[C@H](O)[C@H]3N)[C@@H]2O)[C@H](N)[C@@H](O)[C@@H]1O,neomycin
253,4456,ALWKGYPQUAPLQC-UHFFFAOYSA-N,CN(C)C(=O)Oc1cccc([N+](C)(C)C)c1,neostigmine
254,4473,ZBBHBTPTTSWHBA-UHFFFAOYSA-O,COC(=O)C1=C(C)[NH2+]C(C)=C(C(=O)OCCN(C)Cc2ccccc2)C1c1cccc([N+](=O)[O-])c1,nicardipine
255,4510,SNIOPGDIGTZGOP-UHFFFAOYSA-N,O=[N+]([O-])OCC(CO[N+](=O)[O-])O[N+](=O)[O-],nitroglycerin
256,13109,WWYNJERNGUHSAO-XUDSTZEESA-N,C#C[C@]1(O)CC[C@H]2[C@@H]3CCC4=CC(=O)CC[C@@H]4[C@H]3CC[C@@]21CC,levonorgestrel
257,6433272,VQOXZBDYSJBXMA-RKEBNKJGSA-N,C[C@@H]1OC(=O)CC(O)CC(O)CC(O)CCC(O)C(O)C[C@]2(O)CC(O)C(C(=O)O)C(CC(O[C@H]3O[C@H](C)[C@@H](O)[C@H](N)[C@@H]3O)/C=C/C=C/C=C/C=C/CC/C=C/C=C/[C@H](C)[C@@H](O)[C@H]1C)O2,nystatin
258,4601,QVYRGXJJSLMXQH-UHFFFAOYSA-N,Cc1ccccc1C(OCCN(C)C)c1ccccc1,orphenadrine
259,5353853,QRJJEGAJXVEBNE-HKOYGPOVSA-N,Clc1ccc(CO/N=C(\Cn2ccnc2)c2ccc(Cl)cc2Cl)c(Cl)c1,oxiconazole
260,4631,CEMAWMOMDPGJMB-UHFFFAOYSA-N,C=CCOc1ccccc1OCC(O)CNC(C)C,oxprenolol
261,5284604,UQCNKQCJZOAFTQ-ISWURRPUSA-N,CN1CC[C@]23c4c5ccc(O)c4O[C@H]2C(=O)CC[C@@]3(O)[C@H]1C5,oxymorphone
262,27350,NPIJXCQZLFKBMV-YTGGZNJNSA-L,CC(=O)O[C@H]1C[C@@H]2CC[C@@H]3[C@H](CC[C@@]4(C)[C@H]3C[C@H]([N+]3(C)CCCCC3)[C@@H]4OC(C)=O)[C@@]2(C)C[C@@H]1[N+]1(C)CCCCC1.[Br-].[Br-],pancuronium
263,131204,SNPLKNRPJHDVJA-ZETCQYMHSA-N,CC(C)(CO)[C@@H](O)C(O)=NCCCO,dexpanthenol
264,4680,XQYZDYMELSJDRZ-UHFFFAOYSA-N,COc1ccc(Cc2nccc3cc(OC)c(OC)cc23)cc1OC,papaverine
265,165579,LJRDOKAZOAKLDU-UDXJMMFXSA-L,NC[C@@H]1O[C@H](O[C@@H]2[C@@H](CO)O[C@@H](O[C@@H]3[C@@H](O)[C@H](N)C[C@H](N)[C@H]3O[C@H]3O[C@H](CO)[C@@H](O)[C@H](O)[C@H]3N)[C@@H]2O)[C@H](N)[C@@H](O)[C@@H]1O.O=S(=O)([O-])[O-],paromomycin
266,4695,YFKDCGWIINMRQY-UHFFFAOYSA-O,CCN(CC)c1ccc(C(=C2C=CC(=[N+](CC)CC)C=C2)c2cc(S(=O)(=O)O)ccc2S(=O)(=O)O)cc1,isosulfan
267,37464,KQXKVJAGOJTNJS-HNNXBMFYSA-N,CC(C)(C)NC[C@H](O)COc1ccccc1C1CCCC1,penbutolol
268,6869,BPLBGHOLXOTWMN-MBNYWOFBSA-N,CC1(C)S[C@@H]2[C@H](N=C(O)COc3ccccc3)C(=O)N2[C@H]1C(=O)O,penicillin
269,4768,QZVCTJOXCFMACW-UHFFFAOYSA-N,CC(COc1ccccc1)N(CCCl)Cc1ccccc1,phenoxybenzamine
270,4771,DHHVAGZRUROJKS-UHFFFAOYSA-N,CC(C)(N)Cc1ccccc1,phentermine
271,4775,OBKXEAXTFZPCHS-UHFFFAOYSA-N,O=C(O)CCCc1ccccc1,4-PBA
272,6041,SONNWYBIRXJNDC-VIFPVBQESA-N,CNC[C@H](O)c1cccc(O)c1,phenylephrine
273,4810,WPNJAUFVNXKLIM-UHFFFAOYSA-N,COc1nc(C)nc(Cl)c1NC1=NCCN1,moxonidine
274,5983,PIJVFDBKTWXHHD-HIFRSBDPSA-N,CN=C(O)Oc1ccc2c(c1)[C@]1(C)CCN(C)[C@@H]1N2C,physostigmine
275,4845,VQDBNKDJNJQRDG-UHFFFAOYSA-N,CC(C)(C)NCC(O)c1ccc(O)c(CO)n1,pirbuterol
276,10607,YJGVMLPVUAXIQN-XVVDYKMHSA-N,COc1cc([C@@H]2c3cc4c(cc3[C@H](O)[C@H]3COC(=O)[C@H]23)OCO4)cc(OC)c1OC,podophyllotoxin
277,49800003,HFMDLUQUEXNBOP-OLYKAHIFSA-N,CCC(C)CCCCC(O)=N[C@@H](CCN)C(O)=N[C@H](C(O)=N[C@@H](CCN)C(O)=N[C@H]1CCN=C(O)[C@H]([C@@H](C)O)N=C(O)[C@H](CCN)N=C(O)[C@H](CCN)N=C(O)[C@H](CC(C)C)N=C(O)[C@@H](Cc2ccccc2)N=C(O)[C@@H](CCN)N=C1O)[C@@H](C)O.O=S(=O)(O)O,polymyxin
278,4891,FSVJFNAIGNNGKK-UHFFFAOYSA-N,O=C(C1CCCCC1)N1CC(=O)N2CCc3ccccc3C2C1,praziquantel
279,4893,IENZQIKPVFGBNW-UHFFFAOYSA-N,COc1cc2nc(N3CCN(C(=O)c4ccco4)CC3)[nH]c(=N)c2cc1OC,prazosin
280,4896,JDOZJEUDSLGTLU-UHFFFAOYSA-N,CC12C=CC(=O)C=C1CCC1C2C(O)CC2(C)C1CCC2(O)C(=O)COP(=O)(O)O,prednisolone
281,4906,MVFGUOIZUNYYSO-UHFFFAOYSA-N,CCCNC(C)C(O)=Nc1ccccc1C,prilocaine
282,4908,INDBQLZJXZLFIT-UHFFFAOYSA-N,COc1cc(NC(C)CCCN)c2ncccc2c1,primaquine
283,4909,DQMZLTXERSFNPB-UHFFFAOYSA-N,CCC1(c2ccccc2)C(O)=NCN=C1O,primidone
284,4914,MFDFERRIHVXMIY-UHFFFAOYSA-N,CCN(CC)CCOC(=O)c1ccc(N)cc1,procaine
285,4934,VVWYOYDLCMFIEM-UHFFFAOYSA-N,CC(C)[N+](C)(CCOC(=O)C1c2ccccc2Oc2ccccc21)C(C)C,propantheline
286,4943,OLBCVFGFOZPWHH-UHFFFAOYSA-N,CC(C)c1cccc(C(C)C)c1O,propofol
287,4946,AQHHHDLHHXJYJD-UHFFFAOYSA-N,CC(C)NCC(O)COc1cccc2ccccc12,propranolol
288,708857,YSAUAVHXTIETRK-AATRIKPKSA-N,CN1CCCN=C1/C=C/c1cccs1,pyrantel
289,4991,RVOLLAQWKVFTGE-UHFFFAOYSA-N,CN(C)C(=O)Oc1ccc[n+](C)c1,pyridostigmine
290,4992,YECBIJXISLIIDS-UHFFFAOYSA-N,COc1ccc(CN(CCN(C)C)c2ccccn2)cc1,mepyramine
291,4993,WKSAUQYGYAYLPV-UHFFFAOYSA-N,CCc1nc(=N)[nH]c(N)c1-c1ccc(Cl)cc1,pyrimethamine
292,4999,IKMPWMZBZSAONZ-UHFFFAOYSA-N,Fc1ccccc1C1=NCC(=S)N(CC(F)(F)F)c2ccc(Cl)cc21,quazepam
293,7028,KWGRBVOPPLSCSI-WCBMZHEXSA-N,CN[C@@H](C)[C@@H](O)c1ccccc1,ephedrine
294,9294,KWGRBVOPPLSCSI-WPRPVWTQSA-N,CN[C@@H](C)[C@H](O)c1ccccc1,ephedrine
295,5280954,SZLZWPPUNLXJEA-QEGASFHISA-N,COC(=O)[C@H]1[C@H]2C[C@@H]3c4[nH]c5cc(OC)ccc5c4CCN3C[C@H]2C[C@@H](OC(=O)/C=C/c2cc(OC)c(OC)c(OC)c2)[C@@H]1OC,rescinnamine
296,5770,QEVHRUUCFGRFIF-MDEJGZGSSA-N,COC(=O)[C@H]1[C@H]2C[C@@H]3c4[nH]c5cc(OC)ccc5c4CCN3C[C@H]2C[C@@H](OC(=O)c2cc(OC)c(OC)c(OC)c2)[C@@H]1OC,reserpine
297,5071,UBCHPRBFMUDMNC-UHFFFAOYSA-N,CC(N)C12CC3CC(CC(C3)C1)C2,rimantadine
298,5078,ULFRLSNUDGIQQP-UHFFFAOYSA-N,CN(C)CCc1c[nH]c2ccc(Cn3cncn3)cc12,rizatriptan
299,5152,GIIZNNXWQWCKIB-UHFFFAOYSA-N,OCc1cc(C(O)CNCCCCCCOCCCCc2ccccc2)ccc1O,salmeterol
300,5161,WVYADZUPLLSGPU-UHFFFAOYSA-N,O=C(Oc1ccccc1C(=O)O)c1ccccc1O,salsalate
301,5184,STECJAGHUSJQJN-UHFFFAOYSA-N,CN1C2CC(OC(=O)C(CO)c3ccccc3)CC1C1OC12,scopolamine
302,2723876,LACQPOBCQQPVIT-XRPLAOKPSA-N,Br.CN1C2CC(OC(=O)[C@H](CO)c3ccccc3)CC1C1OC12.O.O.O,scopolamine
303,5238,FVAUCKIRQBBSSJ-UHFFFAOYSA-M,[I-].[Na+],sodium
304,5248,URLJMZWTXZTZRR-UHFFFAOYSA-N,CCCCCCCCCCCCCCOS(=O)(=O)O,sodium
305,5253,ZBMZVLHSJCTVON-UHFFFAOYSA-N,CC(C)NCC(O)c1ccc(NS(C)(=O)=O)cc1,sotalol
306,5833,LXMSZDCAJNLERA-ZHYRCANASA-N,CC(=O)S[C@@H]1CC2=CC(=O)CC[C@]2(C)[C@H]2CC[C@@]3(C)[C@@H](CC[C@@]34CCC(=O)O4)[C@@H]21,spironolactone
307,6419957,QTENRWWVYAAPBI-YZTFXSNBSA-N,CN[C@@H]1[C@H](O[C@H]2[C@H](O[C@@H]3[C@@H](O)[C@H](O)[C@@H](NC(=N)N)[C@H](O)[C@H]3NC(=N)N)O[C@@H](C)[C@]2(O)C=O)O[C@@H](CO)[C@H](O)[C@H]1O.CN[C@@H]1[C@H](O[C@H]2[C@H](O[C@@H]3[C@@H](O)[C@H](O)[C@@H](NC(=N)N)[C@H](O)[C@H]3NC(=N)N)O[C@@H](C)[C@]2(O)C=O)O[C@@H](CO)[C@H](O)[C@H]1O.O=S(=O)(O)O.O=S(=O)(O)O.O=S(=O)(O)O,streptomycin
308,5311,WAEXFXRVDQXREF-UHFFFAOYSA-N,ON=C(O)CCCCCCC(O)=Nc1ccccc1,vorinostat
309,5314,AXOIZCJOOAYSMI-UHFFFAOYSA-N,C[N+](C)(C)CCOC(=O)CCC(=O)OCC[N+](C)(C)C,succinylcholine
310,5318,AFNXATANNDIXLG-UHFFFAOYSA-N,Clc1ccc(CSC(Cn2ccnc2)c2ccc(Cl)cc2Cl)cc1,sulconazole
311,5333,FDDDEECHVMSUSB-UHFFFAOYSA-N,Nc1ccc(S(N)(=O)=O)cc1,sulfonamide
312,5359,MDKGKXOCJGEUJW-UHFFFAOYSA-N,CC(C(=O)O)c1ccc(C(=O)c2cccs2)cc1,suprofen
313,5381,OGQICQVSFDPSEI-UHFFFAOYSA-N,CCOC(=O)c1ccc(C#Cc2ccc3c(c2)C(C)(C)CCS3)nc1,tazarotene
314,5403,XWTYSIMOBUGWOL-UHFFFAOYSA-N,CC(C)(C)NCC(O)c1cc(O)cc(O)c1,terbutaline
315,441383,BLSQLHNBWJLIBQ-OZXSUGGESA-N,CC(C)N1CCN(c2ccc(OC[C@H]3CO[C@](Cn4cncn4)(c4ccc(Cl)cc4Cl)O3)cc2)CC1,terconazole
316,13769,BPEWUONYVDABNZ-DZBHQSCQSA-N,C[C@]12CC[C@H]3[C@@H](CCC4=CC(=O)C=C[C@@]43C)[C@@H]1CCC(=O)O2,testolactone
317,5411,GKCBAIGFKIBETG-UHFFFAOYSA-N,CCCCNc1ccc(C(=O)OCCN(C)C)cc1,tetracaine
318,5419,BYJAVTDNIXVSPW-UHFFFAOYSA-N,c1ccc2c(c1)CCCC2C1=NCCN1,tetrahydrozoline
319,5468,GUHPRPJDBZHYCJ-UHFFFAOYSA-N,CC(C(=O)O)c1ccc(C(=O)c2ccccc2)s1,tiaprofenic
320,21844,WZDGZWOAQTVYBX-DBMUCODUSA-N,C#C[C@]1(O)CC[C@H]2C3[C@H](CCC21C)C1=C(CC(=O)CC1)C[C@H]3C,tibolone
321,444008,WZDGZWOAQTVYBX-XOINTXKNSA-N,C#C[C@]1(O)CC[C@H]2[C@H]3[C@H](CC[C@@]21C)C1=C(CC(=O)CC1)C[C@H]3C,tibolone
322,60946,HWAAPJPFZPHHBC-FGJQBABTSA-N,CCCCS(=O)(=O)N[C@@H](Cc1ccc(OCCCCC2CCNCC2)cc1)C(=O)O.Cl.O,tirofiban
323,5508,UPSPUYADGBWSHF-UHFFFAOYSA-M,Cc1ccc(C(=O)c2ccc(CC(=O)[O-])n2C)cc1,tolmetin
324,60774,OOGJQPCLVADCPB-FQEVSTJZSA-N,Cc1ccc(O)c([C@@H](CCN(C(C)C)C(C)C)c2ccccc2)c1,tolterodine
325,443878,TWHNMSJGYKMTRB-KXYUELECSA-N,Cc1ccc(O)c([C@H](CCN(C(C)C)C(C)C)c2ccccc2)c1.O=C(O)[C@H](O)[C@@H](O)C(=O)O,tolterodine
326,5524,QQJLHRRUATVHED-UHFFFAOYSA-N,c1cc2c(c(NC3=NCCN3)c1)CCCC2,tramazoline
327,5526,GYDJEQRTZSCIOI-UHFFFAOYSA-N,NCC1CCC(C(=O)O)CC1,tranexamic
328,5530,AELCINSCMGFISI-UHFFFAOYSA-N,NC1CC1c1ccccc1,tranylcypromine
329,26069,BKPRVQDIOGQWTG-ICOOEGOYSA-N,N[C@@H]1C[C@H]1c1ccccc1.N[C@H]1C[C@@H]1c1ccccc1.O=S(=O)(O)O,tranylcypromine
330,449171,SHGAZHPCJJPHSC-ZVCIMWCZSA-N,CC1=C(/C=C/C(C)=C\C=C\C(C)=C\C(=O)O)C(C)(C)CCC1,retinoic
331,5564,XEFQLINVKFYRCS-UHFFFAOYSA-N,Oc1cc(Cl)ccc1Oc1ccc(Cl)cc1Cl,triclosan
332,5565,VILCJCGEZXAXTO-UHFFFAOYSA-N,NCCNCCNCCN,trien
333,5572,HWHLPVGTWGOCJO-UHFFFAOYSA-N,OC(CCN1CCCCC1)(c1ccccc1)C1CCCCC1,trihexyphenidyl
334,5593,BGDKAVGWHJFAGW-UHFFFAOYSA-N,CCN(Cc1ccncc1)C(=O)C(CO)c1ccccc1,tropicamide
335,72165,ZNRGQMMCGHDTEI-RYUDHWBXSA-N,CN1[C@H]2CC[C@H]1CC(OC(=O)c1c[nH]c3ccccc13)C2,tropisetron
336,5596,OYYDSUSKLWTMMQ-UHFFFAOYSA-N,O=C(OC1CC2CCC(C1)[N+]21CCCC1)C(O)(c1ccccc1)c1ccccc1,trospium
337,3034812,RVCSYOQWLPPAOA-CVPHZBIISA-M,O=C(OC1CC2CC[C@@H](C1)[N+]21CCCC1)C(O)(c1ccccc1)c1ccccc1.[Cl-],trospium
338,5311236,TVHAZVBUYQMHBC-SNHXEXRGSA-N,CCCCCCCC(=O)CC[C@H]1[C@H](O)C[C@H](O)[C@@H]1C/C=C\CCCC(=O)O,unoprostone
339,14969,MYPYJXKWCTUITO-LYRMYLQWSA-N,CN[C@H](CC(C)C)C(O)=N[C@H]1C(O)=N[C@@H](CC(=N)O)C(O)=N[C@H]2C(O)=N[C@H]3C(O)=N[C@H](C(O)=N[C@H](C(=O)O)c4cc(O)cc(O)c4-c4cc3ccc4O)[C@H](O)c3ccc(c(Cl)c3)Oc3cc2cc(c3O[C@@H]2O[C@H](CO)[C@@H](O)[C@H](O)[C@H]2O[C@H]2C[C@](C)(N)[C@H](O)[C@H](C)O2)Oc2ccc(cc2Cl)[C@H]1O,Vancocine
340,14970,LCTORFDMHNKUSG-GXOKSPCMSA-N,CN[C@H](CC(C)C)C(O)=NC1C(O)=N[C@@H](CC(=N)O)C(O)=N[C@H]2C(O)=N[C@H]3C(O)=N[C@H](C(O)=N[C@@H](C(=O)O)c4cc(O)cc(O)c4-c4cc3ccc4O)[C@H](O)c3ccc(c(Cl)c3)Oc3cc2cc(c3O[C@H]2O[C@@H](CO)[C@H](O)[C@@H](O)[C@@H]2O[C@@H]2C[C@@](C)(N)[C@@H](O)[C@@H](C)O2)Oc2ccc(cc2Cl)[C@H]1O.Cl,Vancocine
341,60855,ARAIBEBZBOPLMB-UFGQHTETSA-N,CC(O)=N[C@@H]1[C@@H](NC(=N)N)C=C(C(=O)O)O[C@H]1[C@H](O)[C@H](O)CO,zanamivir
342,3007855,JIAARYAFYJHUJI-UHFFFAOYSA-L,[Cl-].[Cl-].[Zn+2],ZnCl2
343,5746,NWIBSHFKIJFRCO-WUDYKRTCSA-N,CO[C@@]12[C@H](COC(=N)O)C3=C(C(=O)C(C)=C(N)C3=O)N1C[C@@H]1N[C@@H]12,mitomycin
344,5771,XNOPRXBHLZRZKH-UHFFFAOYSA-N,CCC(C)C1N=C(O)C(Cc2ccc(O)cc2)N=C(O)C(N)CSSCC(C(=O)N2CCCC2C(O)=NC(CC(C)C)C(O)=NCC(=N)O)N=C(O)C(CC(=N)O)N=C(O)C(CCC(=N)O)N=C1O,oxytocin
345,439302,XNOPRXBHLZRZKH-DSZYJQQASA-N,CC[C@H](C)[C@@H]1N=C(O)[C@H](Cc2ccc(O)cc2)N=C(O)[C@@H](N)CSSC[C@@H](C(=O)N2CCC[C@H]2C(O)=N[C@@H](CC(C)C)C(O)=NCC(=N)O)N=C(O)[C@H](CC(=N)O)N=C(O)[C@H](CCC(=N)O)N=C1O,oxytocin
346,5775,MRBDMNSDAVCSSF-UHFFFAOYSA-N,Cc1ccc(N(CC2=NCCN2)c2cccc(O)c2)cc1,phentolamine
347,5939,XNCOSPRUTUOJCJ-UHFFFAOYSA-N,N=C(N)NC(=N)N,biguanide
348,5978,OGWKCGZFUXNPDA-XQKSVPLYSA-N,CC[C@]1(O)C[C@H]2CN(CCc3c([nH]c4ccccc34)[C@@](C(=O)OC)(c3cc4c(cc3OC)N(C=O)[C@H]3[C@@](O)(C(=O)OC)[C@H](OC(C)=O)[C@]5(CC)C=CCN6CC[C@]43[C@@H]65)C2)C1,vincristine
349,6018,MKJIEFSOBYUXJB-UHFFFAOYSA-N,COc1cc2c(cc1OC)C1CC(=O)C(CC(C)C)CN1CC2,tetrabenazine
350,6116,VSGNNIFQASZAOI-UHFFFAOYSA-L,CC(=O)[O-].CC(=O)[O-].[Ca+2],calcium
351,6238,DBPWSSGDRRHUNT-CEGNMAFCSA-N,CC(=O)[C@@]1(O)CC[C@H]2[C@@H]3CCC4=CC(=O)CC[C@]4(C)[C@H]3CC[C@@]21C,17-hydroxyprogesterone
352,6256,VSQQQLOSPVPRAZ-RRKCRQDMSA-N,O=c1nc(O)c(C(F)(F)F)cn1[C@H]1C[C@H](O)[C@@H](CO)O1,trifluorothymidine
353,6432,QYSGYZVSCZSLHT-UHFFFAOYSA-N,FC(F)(F)C(F)(F)C(F)(F)F,Optison
354,6451,FRPHFZCDPYBUAU-UHFFFAOYSA-N,Cc1c(C2(c3cc(Br)c(O)c(Br)c3C)OS(=O)(=O)c3ccccc32)cc(Br)c(O)c1Br,bromcresol
355,6468,JTJMJGYZQZDUJJ-UHFFFAOYSA-N,c1ccc(C2(N3CCCCC3)CCCCC2)cc1,phencyclidine
356,6476,AJXPJJZHWIXJCJ-UHFFFAOYSA-N,CN1C(=O)CC(C)(c2ccccc2)C1=O,methsuximide
357,7029,XXEPPPIWZFICOJ-UHFFFAOYSA-N,CCN(CC)C(C)C(=O)c1ccccc1,diethylpropion
358,7187,OMPJBNCRMGITSC-UHFFFAOYSA-N,O=C(OOC(=O)c1ccccc1)c1ccccc1,benzoyl
359,7638,VYQNWZOUAUKGHI-UHFFFAOYSA-N,Oc1ccc(OCc2ccccc2)cc1,monobenzone
360,7699,MAFMQEKGGFWBAB-UHFFFAOYSA-N,CCCCNc1ccc(C(=O)OCCOCCOCCOCCOCCOCCOCCOCCOCCOC)cc1,benzonatate
361,8230,KBZOIRJILGZLEJ-UHFFFAOYSA-N,N=C(O)CCC1N=C(O)C(Cc2ccccc2)N=C(O)C(Cc2ccc(O)cc2)N=C(O)C(N)CSSCC(C(=O)N2CCCC2C(O)=NC(CCCNC(=N)N)C(O)=NCC(=N)O)N=C(O)C(CC(=N)O)N=C1O,argenine
362,8612,VDANGULDQQJODZ-UHFFFAOYSA-N,CCN(CC)CCOC(=O)c1ccc(N)cc1Cl,chloroprocaine
363,23568,GPXLMGHLHQJAGZ-UHFFFAOYSA-N,CCOc1ccc2ccccc2c1C(O)=NC1C(=O)N2C1SC(C)(C)C2C(=O)O,nafcillin
364,9433,FQPFAHBPWDRTLU-UHFFFAOYSA-N,Cn1c(=O)c2nc[nH]c2n(C)c1=O.Cn1c(=O)c2nc[nH]c2n(C)c1=O.NCCN,aminophylline
365,9904,NPAGDVCDWIYMMC-IZPLOLCNSA-N,C[C@]12CC[C@@H]3[C@H]4CCC(=O)C=C4CC[C@H]3[C@@H]1CC[C@@H]2O,nandrolone
366,10340,CDBYLPFSWZWCQE-UHFFFAOYSA-L,O=C([O-])[O-].[Na+].[Na+],sodium
367,10547,OVXQHPWHMXOFRD-UHFFFAOYSA-M,CCOP(=O)(OCC)SCC[N+](C)(C)C.[I-],echothiophate
368,10660,NFLLKCVHYJRNRH-UHFFFAOYSA-N,CN(C)CCOC(c1ccccc1)c1ccccc1.Cn1c(=O)c2nc(Cl)[nH]c2n(C)c1=O,dimenhydrinate
369,11125,XGZVUEUWXADBQD-UHFFFAOYSA-L,O=C([O-])[O-].[Li+].[Li+],lithium
370,11973,BZACJASHKPPTKX-UHFFFAOYSA-N,N=C(N)c1ccc(OCCCOc2ccc(C(=N)N)cc2Br)c(Br)c1.O=S(=O)(O)CCO,Brolene
371,12460,MFOCDFTXLCYLKU-UHFFFAOYSA-N,CC1C(c2ccccc2)OCCN1C,phendimetrazine
372,12536,WBGKWQHBNHJJPZ-YWZQBGSISA-N,CC1(C)O[C@@H]2C[C@H]3C4CCC5=CC(=O)C=CC5(C)[C@H]4C(O)CC3(C)[C@]2(C(=O)CO)O1,desonide
373,5311066,WBGKWQHBNHJJPZ-LECWWXJVSA-N,CC1(C)O[C@@H]2C[C@H]3[C@@H]4CCC5=CC(=O)C=C[C@]5(C)[C@H]4[C@@H](O)C[C@]3(C)[C@]2(C(=O)CO)O1,desonide
374,12555,CNBGNNVCVSKAQZ-UHFFFAOYSA-N,CN(C)CCCOc1nn(Cc2ccccc2)c2ccccc12,benzydamine
375,12597,KLDXJTOLSGUMSJ-JGWLITMVSA-N,O[C@H]1CO[C@@H]2[C@H](O)CO[C@H]12,isomannide
376,12620,NOPFSRXAKWQILS-UHFFFAOYSA-N,CCCCCCCCCCCCCCCCCCCCCCO,Tadenan
377,13314,FJIKWRGCXUCUIG-UHFFFAOYSA-N,CN1C(=O)C(O)N=C(c2ccccc2Cl)c2cc(Cl)ccc21,lormetazepam
378,13342,JXLYSJRDGCGARV-CFWMRBGOSA-N,CC[C@]1(O)C[C@@H]2CN(CCc3c([nH]c4ccccc34)[C@@](C(=O)OC)(c3cc4c(cc3OC)N(C)[C@H]3[C@@](O)(C(=O)OC)[C@H](OC(C)=O)[C@]5(CC)C=CCN6CC[C@]43[C@@H]65)C2)C1,vinblastine
379,241902,KDQAABAKXDWYSZ-JKDPCDLQSA-N,CC[C@]1(O)C[C@H]2CN(CCc3c([nH]c4ccccc34)[C@@](C(=O)OC)(c3cc4c(cc3OC)N(C)[C@H]3[C@@](O)(C(=O)OC)[C@H](OC(C)=O)[C@]5(CC)C=CCN6CC[C@]43[C@@H]65)C2)C1.O=S(=O)(O)O,vinblastine
380,14917,KRHYYFGTRYWZRS-UHFFFAOYSA-N,F,fluoride
381,15232,BVGLIYRKPOITBQ-ANPZCEIESA-N,CC1(C)S[C@@H]2[C@H](N=C(O)Cc3ccccc3)C(=O)N2[C@H]1C(=O)O.CC1(C)S[C@@H]2[C@H](N=C(O)Cc3ccccc3)C(=O)N2[C@H]1C(=O)O.c1ccc(CNCCNCc2ccccc2)cc1,benzathine
382,16124,MBKDYNNUVRNNRF-UHFFFAOYSA-N,O=P(O)(O)CP(=O)(O)O,methylene
383,16362,YVUQSNJEYSNKRX-UHFFFAOYSA-N,Oc1nc2ccccc2n1C1CCN(CCCC(c2ccc(F)cc2)c2ccc(F)cc2)CC1,pimozide
384,16533,SNHRLVCMMWUAJD-SUYDQAKGSA-N,CCCCC(=O)O[C@]1(C(=O)CO)[C@@H](C)C[C@H]2[C@@H]3CCC4=CC(=O)C=C[C@]4(C)[C@@]3(F)[C@@H](O)C[C@@]21C,betamethasone
385,16850,GNBHRKFJIUUOQI-UHFFFAOYSA-N,O=C1OC2(c3ccc(O)cc3Oc3cc(O)ccc32)c2ccccc21,fluorescein
386,17358,SFZCNBIFKDRMGX-UHFFFAOYSA-N,FS(F)(F)(F)(F)F,SonoVue
387,20585,RIKWPUSWRKPQAB-UHFFFAOYSA-N,C[N+](C)(C)CCO.Cn1c(=O)c2nc[nH]c2n(C)c1=O,choline
388,5311052,YMTMADLUXIRMGX-RFPWEZLHSA-N,C[C@@H]1C[C@H]2[C@@H]3C[C@H](F)C4=CC(=O)C=C[C@]4(C)[C@@]3(Cl)[C@@H](O)C[C@]2(C)[C@H]1C(=O)CO,clocortolone
389,21800,CIWBQSYVNNPZIQ-XYWKZLDCSA-N,CCC(=O)OCC(=O)[C@@]1(OC(=O)CC)[C@@H](C)C[C@H]2[C@@H]3CCC4=CC(=O)C=C[C@]4(C)[C@@]3(F)[C@@H](O)C[C@@]21C,betamethasone
390,21945,ROAIXOJGRFKICW-UHFFFAOYSA-N,C1N2CN3CN1CN(C2)C3.O=C(O)CN=C(O)c1ccccc1,methenamine
391,5284569,LLPOLZWFYMWNKH-CMKMFDCUSA-N,COc1ccc2c3c1O[C@H]1C(=O)CC[C@H]4[C@@H](C2)N(C)CC[C@]314,hydrocodone
392,22502,KZDCMKVLEYCGQX-UDPGNSCCSA-N,CC1(C)S[C@@H]2[C@H](N=C(O)Cc3ccccc3)C(=O)N2[C@H]1C(=O)O.CCN(CC)CCOC(=O)c1ccc(N)cc1.O,procaine
393,23897,KLPWJLBORRMFGK-UHFFFAOYSA-N,CCc1c(C)[nH]c2c1C(=O)C(CN1CCOCC1)CC2,molindone
394,23926,FZLIPJUXYLNCLC-UHFFFAOYSA-N,[La],lanthanum
395,23951,KZUNJOHGWZRPMI-UHFFFAOYSA-N,[Sm],samarium
396,23954,BQCADISMDOOEFD-UHFFFAOYSA-N,[Ag],silver
397,23957,GKLVYJBZJHMRIY-UHFFFAOYSA-N,[Tc],technetium-99m
398,23978,RYGMFSIKBFXOCR-UHFFFAOYSA-N,[Cu],copper
399,23982,UIWYJDYFSGRHKR-UHFFFAOYSA-N,[Gd],gadolinium
400,23993,VWQVUPCCIRVNHF-UHFFFAOYSA-N,[Y],yttrium
401,23994,HCHKCACWOHOZIP-UHFFFAOYSA-N,[Zn],zinc
402,24087,JNMWHTHYDQTDQZ-UHFFFAOYSA-N,S=[Se]=S,selenium
403,24414,TZCXTZWJZNENPQ-UHFFFAOYSA-L,O=S(=O)([O-])[O-].[Ba+2],barium
404,24424,NWONKYPBYAMBJT-UHFFFAOYSA-L,O=S(=O)([O-])[O-].[Zn+2],zinc
405,24450,ZPWVASYFFYYZEW-UHFFFAOYSA-L,O=P([O-])([O-])O.[K+].[K+],potassium
406,24642,GBECUEIQVRDUKB-UHFFFAOYSA-M,[Cl-].[Tl+],TlCl
407,72170,GBECUEIQVRDUKB-RYDPDVNUSA-M,[201Tl+].[Cl-],TlCl
408,16019977,GBECUEIQVRDUKB-RYDPDVNUSA-M,[201Tl+].[Cl-],TlCl
409,24706,ORKBYCQJWQBPFG-WOMZHKBXSA-N,C#C[C@]1(O)CC[C@H]2[C@@H]3CCC4=CC(=O)CC[C@@H]4[C@H]3CC[C@@]21CC.C#C[C@]1(O)CC[C@H]2[C@@H]3CCc4cc(O)ccc4[C@H]3CC[C@@]21C,Triphasil
410,64730,IJRKANNOPXMZSG-SSPAHAAFSA-N,O=C(O)CC(O)(CC(=O)O)C(=O)O.O=C[C@H](O)[C@@H](O)[C@H](O)[C@H](O)CO,glucose
411,24841,XMBWDFGMSWQBCA-UHFFFAOYSA-N,I,iodide
412,25959,UETZVSHORCDDTH-UHFFFAOYSA-N,[C-]#N.[C-]#N.[C-]#N.[C-]#N.[C-]#N.[C-]#N.[Fe+2],Prussian
413,27304,HJZKOAYDRQLPME-UHFFFAOYSA-N,O=P(O)(O)C(O)P(=O)(O)O,HMDP
414,27400,FIADGNVRKBPQEU-UHFFFAOYSA-N,CN1CCC(=C2c3ccccc3CCc3sccc32)CC1,pizotifen
415,28332,VZPXFHVJUUSVLH-MYXGOWFTSA-N,CCC(=O)O[C@](Cc1ccccc1)(c1ccccc1)[C@H](C)CN(C)C.O=S(=O)(O)c1ccc2ccccc2c1,propoxyphene
416,28486,HBBGRARXTFLTSG-UHFFFAOYSA-N,[Li+],lithium
417,29089,YZIYKJHYYHPJIB-UUPCJSQJSA-N,N=C(NCCCCCCNC(=N)NC(=N)Nc1ccc(Cl)cc1)NC(=N)Nc1ccc(Cl)cc1.O=C(O)[C@H](O)[C@@H](O)[C@H](O)[C@H](O)CO.O=C(O)[C@H](O)[C@@H](O)[C@H](O)[C@H](O)CO,chlorhexidine
418,31264,SQYNKIJPMDEDEG-UHFFFAOYSA-N,CC1OC(C)OC(C)O1,paraldehyde
419,31378,AAXVEMMRQDVLJB-BULBTXNYSA-N,C[C@]12C[C@H](O)[C@@]3(F)[C@@H](CCC4=CC(=O)CC[C@@]43C)[C@@H]1CC[C@]2(O)C(=O)CO,fludrocortisone
420,31477,BQIPXWYNLPYNHW-UHFFFAOYSA-N,CC(=O)Oc1c(C)cc(OCC(O)CNC(C)C)c(C)c1C,metipranolol
421,32169,GDWDBGSWGNEMGJ-UHFFFAOYSA-N,CCCNC(C)C(O)=Nc1c(C)csc1C(=O)OC.Cl,articaine
422,638678,XNSAINXGIQZQOO-SRVKXCTJSA-N,N=C(O)[C@@H]1CCCN1C(=O)[C@H](Cc1cnc[nH]1)N=C(O)[C@@H]1CCC(O)=N1,Protirelin
423,5311051,FCSHDIVRCWTZOX-DVTGEIKXSA-N,C[C@H]1C[C@H]2[C@@H]3CCC4=CC(=O)C=C[C@]4(C)[C@@]3(F)[C@@H](O)C[C@]2(C)[C@@]1(O)C(=O)CCl,clobetasol
424,9833444,IZTQOLKUZKXIRV-YRVFCXMDSA-N,CSCC[C@H](N=C(O)[C@H](Cc1ccc(OS(=O)(=O)O)cc1)N=C(O)[C@@H](N)CC(=O)O)C(O)=NCC(O)=N[C@@H](Cc1c[nH]c2ccccc12)C(O)=N[C@@H](CCSC)C(O)=N[C@@H](CC(=O)O)C(O)=N[C@@H](Cc1ccccc1)C(=N)O,Asp-Tyr(SO3H)-Met-Gly-Trp-Met-Asp-Phe-NH2
425,36339,NPUKDXXFDDZOKR-UHFFFAOYSA-N,CCOC(=O)c1cncn1C(C)c1ccccc1,etomidate
426,36523,XLXSAKCOAKORKW-UHFFFAOYSA-N,CC(C)CC(N=C(O)CN=C(O)C(Cc1ccc(O)cc1)N=C(O)C(CO)N=C(O)C(Cc1c[nH]c2ccccc12)N=C(O)C(Cc1cnc[nH]1)N=C(O)C1CCC(O)=N1)C(O)=NC(CCCNC(=N)N)C(=O)N1CCCC1C(O)=NCC(=N)O,gonadorelin
427,36811,JRWZLRBJNMZMFE-UHFFFAOYSA-N,CC(CCc1ccc(O)cc1)NCCc1ccc(O)c(O)c1,dobutamine
428,37392,WANGFTDWOFGECH-UHFFFAOYSA-N,CCCCN(CCCC)CCC(O)c1cc2c(Cl)cc(Cl)cc2c2cc(C(F)(F)F)ccc12.Cl,halofantrine
429,39507,QTTRZHGPGKRAFB-PAIWTFDUSA-N,CCC(=O)[C@@]1(C)[C@H](C)CC2C3CCC4=CC(=O)C=C[C@]4(C)C3[C@@H](O)C[C@@]21C,rimexolone
430,5311412,QTTRZHGPGKRAFB-OOKHYKNYSA-N,CCC(=O)[C@@]1(C)[C@H](C)C[C@H]2[C@@H]3CCC4=CC(=O)C=C[C@]4(C)[C@H]3[C@@H](O)C[C@@]21C,rimexolone
431,39764,VEPSYABRBFXYIB-PWXDFCLTSA-M,CC(=O)O[C@H]1C[C@@H]2CC[C@@H]3[C@H](CC[C@@]4(C)[C@H]3C[C@H]([N+]3(C)CCCCC3)[C@@H]4OC(C)=O)[C@@]2(C)C[C@@H]1N1CCCCC1.[Br-],vecuronium
432,39860,GECBBEABIDMGGL-UHFFFAOYSA-N,CCCCCCC(C)(C)c1cc(O)c2c(c1)OC(C)(C)C1CCC(=O)CC21,nabilone
433,40326,RLLPVAHGXHCWKJ-UHFFFAOYSA-N,CC1(C)C(C=C(Cl)Cl)C1C(=O)OCc1cccc(Oc2ccccc2)c1,permethrin
434,40703,IKGXLCMLVINENI-UHFFFAOYSA-M,COc1cc(Br)c(C[N+]2(CCOCCC3CCC4CC3C4(C)C)CCOCC2)cc1OC.[Br-],pinaverium
435,40973,RPLCPCMSCLEKRS-BPIQYHPVSA-N,C#C[C@]1(O)CC[C@H]2[C@@H]3CCC4=CCCC[C@@H]4[C@H]3C(=C)C[C@@]21CC,desogestrel
436,40976,GCKFUYQCUCGESZ-KIIRVTSASA-N,C#C[C@]1(O)CCC2C3CCC4=CC(=O)CCC4C3C(=C)CC21CC,Implanon
437,41693,GGCSSNBKKAUURC-UHFFFAOYSA-N,CCC(=O)N(c1ccccc1)C1(COC)CCN(CCc2cccs2)CC1,sufentanil
438,41744,ZOCKGBMQLCSHFP-ZQUOIQDWSA-N,CCCCC(=O)OCC(=O)[C@]1(O)Cc2c(O)c3c(c(O)c2[C@@H](OC2CC(N=C(O)C(F)(F)F)C(O)C(C)O2)C1)C(=O)c1c(OC)cccc1C3=O,valrubicin
439,41781,NGBFQHCMQULJNZ-UHFFFAOYSA-N,Cc1cccc(N=c2cc[nH]cc2S(=O)(=O)NC(O)=NC(C)C)c1,torasemide
440,42395,FZCHYNWYXKICIO-MDDFJDPJSA-N,CCCCC(=O)O[C@]1(C(=O)CO)CCC2C3CCC4=CC(=O)CCC4(C)C3C(O)CC21C,Westcort
441,50224,PYMDEDHDQYLBRT-DRIHCAFSSA-N,CC(=O)O.CCN=C(O)[C@@H]1CCCN1C(=O)[C@H](CCCNC(=N)N)N=C(O)[C@H](CC(C)C)N=C(O)[C@@H](COC(C)(C)C)N=C(O)[C@H](Cc1ccc(O)cc1)N=C(O)[C@H](CO)N=C(O)[C@H](Cc1c[nH]c2ccccc12)N=C(O)[C@H](Cc1cnc[nH]1)N=C(O)[C@@H]1CCC(O)=N1,Supremon
442,44563,KUGJPYZIWCRREB-UHFFFAOYSA-N,N#Cc1cc(NC(=O)C(=O)O)c(Cl)c(NC(=O)C(=O)O)c1.NC(CO)(CO)CO,lodoxamide
443,44564,RVGLGHVJXCETIO-UHFFFAOYSA-N,N#Cc1cc(NC(=O)C(=O)O)c(Cl)c(NC(=O)C(=O)O)c1,lodoxamide
444,45469,BQMKAHQKDSZAIQ-UHFFFAOYSA-N,[C-]#N.[C-]#N.[C-]#N.[C-]#N.[C-]#N.[Fe+3].[N-]=O.[Na+].[Na+].[Na+].[Na+],sodium
445,47319,YXSLJKQTIDHPOT-UHFFFAOYSA-N,COc1ccc(CC2c3cc(OC)c(OC)cc3CC[N+]2(C)CCC(=O)OCCCCCOC(=O)CC[N+]2(C)CCc3cc(OC)c(OC)cc3C2Cc2ccc(OC)c(OC)c2)cc1OC,atracurium
446,47320,XXZSQOVSEBAPGS-UHFFFAOYSA-L,COc1ccc(CC2c3cc(OC)c(OC)cc3CC[N+]2(C)CCC(=O)OCCCCCOC(=O)CC[N+]2(C)CCc3cc(OC)c(OC)cc3C2Cc2ccc(OC)c(OC)c2)cc1OC.O=S(=O)([O-])c1ccccc1.O=S(=O)([O-])c1ccccc1,cisatracurium
447,62886,XXZSQOVSEBAPGS-DONVQRBFSA-L,COc1ccc(C[C@@H]2c3cc(OC)c(OC)cc3CC[N@+]2(C)CCC(=O)OCCCCCOC(=O)CC[N@@+]2(C)CCc3cc(OC)c(OC)cc3[C@H]2Cc2ccc(OC)c(OC)c2)cc1OC.O=S(=O)([O-])c1ccccc1.O=S(=O)([O-])c1ccccc1,cisatracurium
448,47471,ZHPWRQIPPNZNML-UHFFFAOYSA-N,Clc1ccc(CCC(Cn2ccnc2)Sc2c(Cl)cccc2Cl)cc1.O=[N+]([O-])O,butoconazole
449,47641,OZGNYLLQHRPOBR-DHZHZOJOSA-N,CN(C/C=C/c1ccccc1)Cc1cccc2ccccc12,naftifine
450,50294,RQTOOFIXOKYGAN-UHFFFAOYSA-N,CCCc1c2oc(C(=O)O)cc(=O)c2cc2c(=O)cc(C(=O)O)n(CC)c12,nedocromil
451,51263,IDBPHNDTYPBSNI-UHFFFAOYSA-N,CCC(=O)N(c1ccccc1)C1(COC)CCN(CCn2nnn(CC)c2=O)CC1,alfentanil
452,441314,IBAQFPQHRJAVAV-ULAWRXDQSA-N,OCCN1C[C@H](O)[C@@H](O)[C@H](O)[C@H]1CO,miglitol
453,51634,UQRORFVVSGFNRO-UTINFBMNSA-N,CCCCN1C[C@H](O)[C@@H](O)[C@H](O)[C@H]1CO,miglustat
454,52421,FNPXMHRZILFCKX-UHFFFAOYSA-N,CCOC(=O)OC1(C(=O)COC(=O)CC)CCC2C3CCC4=CC(=O)C=CC4(C)C3C(O)CC21C,prednicarbate
455,6714002,FNPXMHRZILFCKX-KAJVQRHHSA-N,CCOC(=O)O[C@]1(C(=O)COC(=O)CC)CC[C@H]2[C@@H]3CCC4=CC(=O)C=C[C@]4(C)[C@H]3[C@@H](O)C[C@@]21C,prednicarbate
456,54158,MHPZZZZLAQGTHT-UHFFFAOYSA-N,Cc1cc(C)c(N=C(O)CN(CC(=O)O)CC(=O)O)c(C)c1Br,mebrofenin
457,54786,PAJMKGZZBBTTOY-YRIDSSQKSA-N,CCCCC[C@@H](O)CC[C@@H]1[C@@H](O)C[C@H]2Cc3c(cccc3OCC(=O)O)C[C@@H]12,treprostinil
458,6918140,PAJMKGZZBBTTOY-ZFORQUDYSA-N,CCCCC[C@H](O)CC[C@@H]1[C@H]2Cc3cccc(OCC(=O)O)c3C[C@H]2C[C@H]1O,treprostinil
459,444025,DMKSVUSAATWOCU-HROMYWEYSA-N,CCOC(=O)O[C@]1(C(=O)OCCl)CC[C@H]2[C@@H]3CCC4=CC(=O)C=C[C@]4(C)[C@H]3[C@@H](O)C[C@@]21C,loteprednol
460,55331,CMPAGYDKASJORH-YSSFQJQWSA-N,COc1cc2c(cc1OC)CN(C(=O)[C@H](C)N[C@@H](CCc1ccccc1)C(=O)O)[C@H](C(=O)O)C2,moexiprilat
461,56959,XKLMZUWKNUAPSZ-UHFFFAOYSA-N,COc1ccccc1OCC(O)CN1CCN(CC(O)=Nc2c(C)cccc2C)CC1,ranolazine
462,59226,CEXBONHIOKGWNU-NTISSMGPSA-N,CCCN(CCc1cccs1)[C@H]1CCc2c(O)cccc2C1.Cl,rotigotine
463,57697,HIANJWSAHKJQTH-UHFFFAOYSA-N,Cc1cccn2c(=O)c(-c3nn[nH]n3)cnc12,pemirolast
464,59768,AQNDDEOPVVGCPG-UHFFFAOYSA-N,COC(=O)CCc1ccc(OCC(O)CNC(C)C)cc1,esmolol
465,129211,DRHKJLXJIQTDTD-OAHLLOKOSA-N,CCOc1ccccc1OCCN[C@H](C)Cc1ccc(OC)c(S(N)(=O)=O)c1,tamsulosin
466,60164,LZCDAPDGXCYOEH-UHFFFAOYSA-N,COc1ccc(-c2ccc3cc(C(=O)O)ccc3c2)cc1C12CC3CC(CC(C3)C1)C2,adapalene
467,60172,SUPKOOSCJHTBAH-UHFFFAOYSA-N,Nc1ncnc2c1ncn2CCOCP(=O)(O)O,adefovir
468,107807,IPVQLZZIHOAWMC-QXKUPLGCSA-N,CCC[C@H](N[C@@H](C)C(=O)N1[C@H](C(=O)O)C[C@@H]2CCCC[C@@H]21)C(=O)OCC,perindopril
469,441290,YXRDKMPIGHSVRX-OOJCLDBCSA-N,C=CC[N+]1([C@H]2C[C@H]3[C@@H]4CC[C@H]5C[C@H](O)[C@@H](N6CCOCC6)C[C@]5(C)[C@H]4CC[C@]3(C)[C@H]2OC(C)=O)CCCC1,rocuronium
470,60714,DPNNNPAKRZOSMO-UHFFFAOYSA-K,CC(O)CN1CCN(CC(=O)[O-])CCN(CC(=O)[O-])CCN(CC(=O)[O-])CC1.[Gd+3],gadoteridol
471,60726,ZBPLOVFIXSTCRZ-UHFFFAOYSA-N,Nc1c(CC(=O)O)cccc1C(=O)c1ccc(Br)cc1,bromfenac
472,60751,LYPFDBRUNKHDGX-UHFFFAOYSA-N,Oc1cccc(-c2c3nc(c(-c4cccc(O)c4)c4ccc([nH]4)c(-c4cccc(O)c4)c4nc(c(-c5cccc(O)c5)c5ccc2[nH]5)CC4)C=C3)c1,mTHPC
473,60752,PCIOHQNIRPWFMV-UHFFFAOYSA-N,CCCCCCCN(CC)CCCC(O)c1ccc(NS(C)(=O)=O)cc1.CCCCCCCN(CC)CCCC(O)c1ccc(NS(C)(=O)=O)cc1.O=C(O)C=CC(=O)O,ibutilide
474,60830,DQHNAVOVODVIMG-UHFFFAOYSA-M,C[N+]1(C)C2CC(OC(=O)C(O)(c3cccs3)c3cccs3)CC1C1OC12.[Br-],tiotropium
475,60860,PDWUPXJEEYOOTR-UHFFFAOYSA-N,N=C(N)NCc1cccc(I)c1,metaiodobenzylguanidine
476,135326,PDWUPXJEEYOOTR-IUAIQHPESA-N,N=C(N)NCc1cccc([123I])c1,metaiodobenzylguanidine
477,5281071,JBIMVDZLSHOPLA-LSCVHKIXSA-N,CN(C)CC/C=C1/c2ccccc2COc2ccc(CC(=O)O)cc21,olopatadine
478,3033825,WHXMKTBCFHIYNQ-SECBINFHSA-N,C[C@@H]1CC(O)=NN=C1c1ccc(NN=C(C#N)C#N)cc1,levosimendan
479,60936,SKUHWSDHMJMHIW-UHFFFAOYSA-L,O=P([O-])([O-])C(Sc1ccc(Cl)cc1)P(=O)(O)O.[Na+].[Na+],tiludronate
480,61475,PODWXQQNRWNDGD-UHFFFAOYSA-L,O.O.O.O.O.O=S([O-])([O-])=S.[Na+].[Na+],sodium
481,62358,RZOBLYBZQXQGFY-UHFFFAOYSA-N,CC(O)C(=O)O.N,ammonium
482,62816,GMRWGQCZJGVHKL-UHFFFAOYSA-N,ClCC1CO1.NCCNCCNCCNCCN,colestipol
483,5311101,MGNNYOODZCAHBA-GQKYHHCASA-N,C[C@@H]1C[C@H]2[C@@H]3C[C@H](F)C4=CC(=O)C=C[C@]4(C)[C@@]3(F)[C@@H](O)C[C@]2(C)[C@@]1(O)C(=O)SCF,fluticasone
484,62965,OHYGPBKGZGRQKT-XGQKBEPLSA-N,CCC(=O)O[C@]1(C(=O)CO)[C@@H](C)C[C@H]2[C@@H]3CCC4=CC(=O)C=C[C@]4(C)[C@@]3(Cl)[C@@H](O)C[C@@]21C,beclomethasone
485,5463984,MADRIHWFJGRSBP-ROUUACIJSA-N,O=C(O)CN1C(=O)[C@@H](N[C@@H](CCc2ccccc2)C(=O)O)CCc2ccccc21,benazeprilat
486,65014,UEUPDYPUTTUXLJ-UHFFFAOYSA-N,Cl.Cl.Cl.Cl.Cl.Cl.Cl.Cl.c1cc(CN2CCCNCCNCCCNCC2)ccc1CN1CCCNCCNCCCNCC1,AMD3100
487,65281,CLKOFPXJLQSYAH-UHFFFAOYSA-N,CCC(C)C(N)C1=NC(C(O)=NC(CC(C)C)C(O)=NC(CCC(=O)O)C(O)=NC(C(O)=NC2CCCCN=C(O)C(CC(=N)O)N=C(O)C(CC(=O)O)N=C(O)C(Cc3cnc[nH]3)N=C(O)C(Cc3ccccc3)N=C(O)C(C(C)CC)N=C(O)C(CCCN)N=C2O)C(C)CC)CS1,CAS
488,6714010,CLKOFPXJLQSYAH-RNHDWVCBSA-N,CCC(C)C(N)C1=NC(C(O)=N[C@@H](CC(C)C)C(O)=N[C@H](CCC(=O)O)C(O)=N[C@H](C(O)=N[C@H]2CCCCN=C(O)[C@H](CC(=N)O)N=C(O)[C@@H](CC(=O)O)N=C(O)[C@H](Cc3cnc[nH]3)N=C(O)[C@@H](Cc3ccccc3)N=C(O)[C@H]([C@@H](C)CC)N=C(O)[C@@H](CCCN)N=C2O)[C@@H](C)CC)CS1,CAS
489,65863,JLGKQTAYUIMGRK-UHFFFAOYSA-N,Clc1ccc(C(Cn2ccnc2)OCc2csc3c(Cl)cccc23)c(Cl)c1,sertaconazole
490,68613,VWXRQYYUEIYXCZ-AVTFEHRISA-N,CCOc1ccc(C[C@H]2N=C(O)CCSSC[C@@H](C(=O)N3CCC[C@H]3C(O)=N[C@@H](CCCN)C(O)=NCC(=N)O)N=C(O)[C@H](CC(=N)O)N=C(O)C([C@@H](C)O)N=C(O)[C@H]([C@@H](C)CC)N=C2O)cc1,atosiban
491,68740,XRASPMIURGNCCH-UHFFFAOYSA-N,O=P(O)(O)C(O)(Cn1ccnc1)P(=O)(O)O,zoledronic
492,69512,KQIKOUUKQBTQBE-UHFFFAOYSA-N,COc1cc(-c2[o+]c3cc(O)cc(O)c3cc2O)cc(OC)c1[O-].Cl,malvidin
493,5281042,ILVYCEVXHALBSC-OTBYEXOQSA-N,COc1cc2c(cc1OC)[C@@H](Cc1cc(OC)c(OC)c(OC)c1)[N+](C)(CCCOC(=O)CC/C=C/CCC(=O)OCCC[N+]1(C)CCc3cc(OC)c(OC)cc3[C@H]1Cc1cc(OC)c(OC)c(OC)c1)CC2,mivacurium
494,6918172,HKMZRZUEADSZDQ-DZJWSCHMSA-N,CC(=O)O.N=C(N)NCCC[C@H](N=C(O)[C@@H]1C[C@@H]2CCCC[C@@H]2N1C(=O)[C@H]1Cc2ccccc2CN1C(=O)[C@H](CO)N=C(O)[C@H](Cc1cccs1)N=C(O)CN=C(O)[C@@H]1C[C@@H](O)CN1C(=O)[C@@H]1CCCN1C(=O)[C@H](CCCNC(=N)N)N=C(O)[C@H](N)CCCNC(=N)N)C(=O)O,Hoe
495,71406,AOBORMOPSGHCAX-UHFFFAOYSA-N,Cc1c(C)c2c(c(C)c1OC(=O)CCC(=O)OCCO)CCC(C)(CCCC(C)CCCC(C)CCCC(C)C)O2,TPGS
496,5282415,IYGXEHDCSOYNKY-RZHHZEQLSA-N,CCCCC[C@H](O)/C=C/[C@H]1[C@H](O)C[C@H](O)[C@@H]1C/C=C\CCCC(=O)O.NC(CO)(CO)CO,Lutalyse
497,71469,NNRXCKZMQLFUPL-WBMZRJHASA-N,CC[C@H]1OC(=O)[C@H](C)[C@@H](O[C@H]2C[C@@](C)(OC)[C@@H](O)[C@H](C)O2)[C@H](C)[C@@H](O[C@@H]2O[C@H](C)C[C@H](N(C)C)[C@H]2O)[C@](C)(O)C[C@@H](C)C(=O)[C@H](C)[C@@H](O)[C@]1(C)O.O=C(O)[C@H](O)[C@@H](O)[C@H](O[C@@H]1O[C@H](CO)[C@H](O)[C@H](O)[C@H]1O)[C@H](O)CO,erythromycin
498,72081,BENFXAYNYRLAIU-QSVFAHTRSA-N,N=C(O)CC[C@@H]1N=C(O)[C@H](Cc2ccccc2)N=C(O)[C@H](Cc2ccc(O)cc2)N=C(O)[C@@H](N=C(O)CN=C(O)CN=C(O)CN)CSSC[C@@H](C(=O)N2CCC[C@H]2C(O)=N[C@@H](CCCCN)C(O)=NCC(=N)O)N=C(O)[C@H](CC(=N)O)N=C1O,Terlipressin
499,72466,WUIABRMSWOKTOF-OCBSMOPSSA-N,Cc1c(C(O)=NC(C(O)=NC(C)C(O)C(C)C(O)=NC(C(O)=NCCc2nc(-c3nc(C(O)=NCCC[S+](C)C)cs3)cs2)C(C)O)C(O[C@@H]2O[C@@H](CO)[C@@H](O)[C@H](O)[C@@H]2O[C@H]2O[C@H](CO)[C@@H](O)[C@H](OC(=N)[O-])[C@@H]2O)c2cnc[nH]2)nc(C(CC(=N)O)NCC(N)C(=N)O)[nH]c1=N.O=S(=O)(O)O,bleomycin
500,5360373,OYVAGSVQBOHSSS-WXFSZRTFSA-O,Cc1c(C(O)=N[C@H](C(O)=N[C@H](C)[C@@H](O)[C@H](C)C(O)=N[C@H](C(O)=NCCc2nc(-c3nc(C(O)=NCCC[S+](C)C)cs3)cs2)[C@@H](C)O)[C@@H](OC2OC(CO)C(O)C(O)C2OC2OC(CO)C(O)C(OC(=N)O)C2O)c2cnc[nH]2)nc([C@H](CC(=N)O)NC[C@H](N)C(=N)O)[nH]c1=N,bleomycin
501,77992,XPSQPHWEGNHMSK-SECBINFHSA-N,CN[C@@H]1CCc2[nH]c3ccc(C(=N)O)cc3c2C1,frovatriptan
502,77997,JPRXYLQNJJVCMZ-UHFFFAOYSA-N,CN(C)CCc1c[nH]c2ccc(Cn3cncn3)cc12.O=C(O)c1ccccc1,MK-462
503,104810,XDFCIPNJCBUZJN-UHFFFAOYSA-N,[Ba+2],barium
504,104798,PWYYWQHXAPXYMF-UHFFFAOYSA-N,[Sr+2],strontium
505,91488,UUOUOERPONYGOS-CLCRDYEYSA-N,C[C@]12C[C@H](O)[C@@]3(F)[C@@H](C[C@H](F)C4=CC(=O)C=C[C@@]43C)[C@@H]1C[C@@H](O)[C@]2(O)C(=O)CO,fluocinolone
506,5460037,FZWBNHMXJMCXLU-BLAUPYHCSA-N,O=C[C@H](O)[C@@H](O)[C@H](O)[C@H](O)CO[C@H]1O[C@H](CO[C@H]2O[C@H](CO)[C@@H](O)[C@H](O)[C@H]2O)[C@@H](O)[C@H](O)[C@H]1O,dextran
507,441193,IVTMXOXVAHXCHI-ZCMDIHMWSA-N,CC(Cc1ccc(O)c(O)c1)(NN)C(=O)O.N[C@@H](Cc1ccc(O)c(O)c1)C(=O)O,levodopa/carbidopa
508,104849,REOYOKXLUFHOBV-UHFFFAOYSA-N,Cc1c(C(O)=NN2CCCCC2)nn(-c2ccc(Cl)cc2Cl)c1-c1ccc(Cl)cc1.Cl,rimonabant
509,105145,CKHJYUSOUQDYEN-UHFFFAOYSA-N,[Ga+3],68Ga
510,107694,RWYFURDDADFSHT-RBBHPAOJSA-N,C#C[C@]1(O)CC[C@H]2[C@@H]3CCc4cc(O)ccc4[C@H]3CC[C@@]21C.CC(=O)O[C@]1(C(C)=O)CC[C@H]2[C@@H]3C=C(Cl)C4=CC(=O)[C@@H]5CC5[C@]4(C)[C@H]3CC[C@@]21C,Diane-35
511,119212,KJABUVRFCPPJPD-UHFFFAOYSA-N,CC1(C)SC(C(N=C(O)Cc2ccccc2)C(O)=NCCCCCC(=O)O)NC1C(=O)O,benzylpenicilloyl
512,121749,VOTSDCGUYAGUNS-UHFFFAOYSA-N,CC1(C)NC(=N)NC(=N)N1OCCCOc1cc(Cl)c(Cl)cc1Cl.Cl,ustekinumab
513,3086674,HXWLAJVUJSVENX-HFIFKADTSA-N,COC(=O)[C@H]1[C@@H](c2ccc([123I])cc2)C[C@@H]2CC[C@H]1N2CCCF,FP-CIT
514,5282226,MKPLKVHSHYCHOC-AHTXBMBWSA-N,CC(C)OC(=O)CCC/C=C\C[C@H]1[C@@H](O)C[C@@H](O)[C@@H]1/C=C/[C@@H](O)COc1cccc(C(F)(F)F)c1,travoprost
515,123606,WKEMJKQOLOHJLZ-UHFFFAOYSA-N,CN(C)CCc1c[nH]c2ccc(CS(=O)(=O)N3CCCC3)cc12,almotriptan
516,123610,CZKPOZZJODAYPZ-UHFFFAOYSA-N,N=C(N)NCCCCC1N=C(O)CCSSCC(C(=N)O)N=C(O)C2CCCN2C(=O)C(Cc2c[nH]c3ccccc23)N=C(O)C(CC(=O)O)N=C(O)CN=C1O,Eptifibatide
517,441335,QLIIKPVHVRXHRI-CXSFZGCWSA-N,C[C@@H]1C[C@H]2[C@@H]3CCC4=CC(=O)C=C[C@]4(C)[C@@]3(Cl)[C@@H](O)C[C@]2(C)[C@@]1(O)C(=O)CCl,mometasone
518,123809,QFLMOYQNYBDXMT-ZCMDIHMWSA-N,NC(CO)C(O)=NNCc1ccc(O)c(O)c1O.N[C@@H](Cc1ccc(O)c(O)c1)C(=O)O,Madopar
519,132999,ACRHBAYQBXXRTO-OAQYLSRUSA-N,COc1cc2c(cc1OC)CC(=O)N(CCCN(C)C[C@H]1Cc3cc(OC)c(OC)cc31)CC2,ivabradine
520,135113,QOAMCMUZZWSALB-UHFFFAOYSA-N,CC1Oc2ccc(C(C)(C)C)cc2O1,sacrosidase
521,145068,MWUXSHHQAYIFBG-UHFFFAOYSA-N,[N]=O,nitric
522,147740,JLQFVGYYVXALAG-CFEVTAHFSA-N,C#C[C@]1(O)CC[C@H]2[C@@H]3CCc4cc(O)ccc4[C@H]3CC[C@@]21C.C[C@]12CC[C@H]3[C@H]([C@@H]1[C@@H]1C[C@@H]1[C@@]21CCC(=O)O1)[C@H]1C[C@H]1C1=CC(=O)CC[C@@]13C,drospirenone
523,3036505,LUMKNAVTFCDUIE-VHXPQNKSSA-N,OCCOc1ccc(/C(=C(/CCCl)c2ccccc2)c2ccccc2)cc1,ospemifene
524,151075,QEFAQIPZVLVERP-UHFFFAOYSA-N,N=C(O)Cc1cccc(C(=O)c2ccccc2)c1N,nepafenac
525,151171,IKENVDNFQMCRTR-UHFFFAOYSA-N,Cc1nc2c([nH]1)-c1ccccc1N(C(=O)c1ccc(NC(=O)c3ccccc3-c3ccccc3)cc1)CC2,conivaptan
526,152945,JWJOTENAMICLJG-VYZSUTEISA-N,C[C@]12CCC3[C@@H](CC[C@H]4N=C(O)C=C[C@]34C)[C@@H]1CC[C@@H]2C(O)=Nc1cc(C(F)(F)F)ccc1C(F)(F)F,dutasteride
527,6918296,JWJOTENAMICLJG-QWBYCMEYSA-N,C[C@]12CC[C@H]3[C@@H](CC[C@H]4N=C(O)C=C[C@]34C)[C@@H]1CC[C@@H]2C(O)=Nc1cc(C(F)(F)F)ccc1C(F)(F)F,dutasteride
528,153994,KPBZROQVTHLCDU-UHFFFAOYSA-N,CCCC(=O)OCOC(=O)C1=C(C)NC(C)=C(C(=O)OC)C1c1cccc(Cl)c1Cl,clevidipine
529,156418,QANQWUQOEJZMLL-PKLMIRHRSA-N,C[C@@H](NCCCc1cccc(C(F)(F)F)c1)c1cccc2ccccc12.Cl,cinacalcet
530,449677,IZOOGPBRAOKZFK-UHFFFAOYSA-I,O=C([O-])CN(CCN(CC(=O)[O-])CC(=O)[O-])CCN(CC(=O)[O-])CC(=O)[O-].[Gd+3],gadopentetate
531,157921,UJYSYPVQHFNBML-UHFFFAOYSA-N,COC(=O)CCC(=O)CN.Cl,methyl
532,158786,USXHAXIQRPGYFX-KRWDZBQOSA-N,COCCOC(O)=NCCCC[C@H](N=C(O)OCCOC)C(O)=NCCCCCOP(C)(=O)O,pegaptanib
533,159247,KHNXRSIBRKBJDI-UHFFFAOYSA-N,C=CCN.Cl.ClCC1CO1,sevelamer
534,6918193,NBHBBGSKOXRZSD-UHFFFAOYSA-K,Cc1ncc(COP(=O)(O)O)c(CN(CCN(CC(=O)[O-])Cc2c(COP(=O)(O)O)cnc(C)c2O)CC(=O)[O-])c1[O-].[Mn].[Na+].[Na+].[Na+],MnDPDP
535,168625,VMSBGXAJJLPWKV-UHFFFAOYSA-N,C=Cc1ccccc1S(=O)(=O)O,poly(styrene
536,168924,NZPIUJUFIFZSPW-UHFFFAOYSA-H,O=C([O-])[O-].O=C([O-])[O-].O=C([O-])[O-].[La+3].[La+3],lanthanum
537,185457,VDPYMEBVIDZKMD-UHFFFAOYSA-N,O=C(O)CN=C(O)CN=C(O)CN=C(O)CSC(=O)c1ccccc1,S-benzoylmercaptoacetyltriglycine
538,192155,ZNXXCLVUNMDLNR-UQLUPRNYSA-N,CC(=O)OCC(=O)[C@@]1(O)CC[C@H]2[C@@H]3CCC4=CC(=O)C=C[C@]4(C)[C@H]3[C@@H](O)C[C@@]21C.CNC[C@H](O)c1cccc(O)c1.Cl,Prednefrin
539,197712,OUJTZYPIHDYQMC-UHFFFAOYSA-N,COC(c1ccccc1)(c1ccccc1)C(Oc1nc(C)cc(C)n1)C(=O)O,ambrisentan
540,208902,YLXDSYKOBKBWJQ-LBPRGKRZSA-N,CCC(O)=NCC[C@@H]1CCc2ccc3c(c21)CCO3,ramelteon
541,9960701,MXDOOIVQXATHKU-RYVPXURESA-N,C#C[C@]1(O)CC[C@H]2[C@@H]3CCC4=CC(=O)CC[C@@H]4[C@H]3C(=C)C[C@@]21CC.C#C[C@]1(O)CC[C@H]2[C@@H]3CCc4cc(O)ccc4[C@H]3CC[C@@]21C,NuvaRing
542,3003141,YTAOBBFIOAEMLL-REQDGWNSSA-N,N#C/C(=C1/SC[C@@H](c2ccc(Cl)cc2Cl)S1)n1ccnc1,luliconazole
543,216210,YBSJFWOBGCMAKL-UHFFFAOYSA-N,Cn1c(CNc2ccc(C(=N)N)cc2)nc2cc(C(=O)N(CCC(=O)O)c3ccccn3)ccc21,dabigatran
544,216258,IQWHCHZFYPIVRV-UHFFFAOYSA-I,CCC(C)CCCCC([O-])=NC(CCNCS(=O)(=O)O)C(O)=NC(C(O)=NC(CCNCS(=O)(=O)O)C([O-])=NC1CCN=C(O)C(C(C)O)N=C(O)C(CCNCS(=O)(=O)O)N=C([O-])C(CCNCS(=O)(=O)O)N=C(O)C(CC(C)C)N=C(O)C(CC(C)C)N=C([O-])C(CCNCS(=O)(=O)O)N=C1[O-])C(C)O.[Na+].[Na+].[Na+].[Na+].[Na+],Colimycin
545,219024,LZPZPHGJDAGEJZ-AKAIJSEGSA-N,CN=C(O)c1cnn(-c2nc(N)c3ncn([C@@H]4O[C@H](CO)[C@@H](O)[C@H]4O)c3n2)c1,regadenoson
546,22451303,LZPZPHGJDAGEJZ-UHFFFAOYSA-N,CN=C(O)c1cnn(-c2nc(N)c3ncn(C4OC(CO)C(O)C4O)c3n2)c1,regadenoson
547,450096,PCZHWPSNPWAQNF-UHFFFAOYSA-N,CCOc1ccc(CC(CN(CCN(CC(=O)O)CC(=O)O)CC(=O)O)N(CC(=O)O)CC(=O)O)cc1.[Gd+3],Gd-EOB-DTPA
548,445226,ZCXUVYAZINUVJD-UKFBFLRUSA-N,OC[C@H]1O[C@H](O)[C@H](F)[C@@H](O)[C@@H]1O,18F-FDG
549,450503,ZCXUVYAZINUVJD-AHXZWLDOSA-N,OC[C@H]1O[C@H](O)[C@H]([18F])[C@@H](O)[C@@H]1O,18F-FDG
550,5281075,DLJKPYFALUEJCK-IIELGFQLSA-N,CCCCC[C@](C)(O)/C=C/[C@H]1[C@H](O)C[C@H](O)[C@@H]1C/C=C\CCCC(=O)O,carboprost
551,5281099,NCXMLFZGDNKEPB-BQGNJOPGSA-N,C[C@@H]1C/C=C/C=C/C=C/C=C/[C@H](OC2O[C@H](C)[C@@H](O)[C@H](N)[C@@H]2O)C[C@@H]2O[C@](O)(C[C@@H](O)C[C@H]3O[C@@H]3/C=C/C(=O)O1)C[C@H](O)[C@H]2C(=O)O,natamycin
552,455658,BTIJJDXEELBZFS-UHFFFAOYSA-K,C=Cc1c(C)c2cc3nc(cc4nc(cc5[nH]c(cc1[n-]2)c(C)c5C=C)C(C)=C4CCC(=O)[O-])C(CCC(=O)[O-])=C3C.Cl.[Fe+3],hemin
553,489181,NFEZZTICAUWDHU-RDTXWAMCSA-N,C=C1CCN([C@H](C)[C@](O)(Cn2cncn2)c2ccc(F)cc2F)CC1,efinaconazole
554,517045,VMHLLURERBWHNL-UHFFFAOYSA-M,CC(=O)[O-].[Na+],sodium
555,3052762,ZPMNHBXQOOVQJL-UHFFFAOYSA-N,COCCCN1CCC(N=C(O)c2cc(Cl)c(N)c3c2OCC3)CC1,prucalopride
556,6509979,KASDHRXLYQOAKZ-XDSKOBMDSA-N,CC[C@@H]1/C=C(\C)C[C@H](C)C[C@H](OC)[C@H]2O[C@@](O)(C(=O)C(=O)N3CCCC[C@H]3C(=O)O[C@H](/C(C)=C/[C@@H]3CC[C@H](Cl)[C@H](OC)C3)[C@H](C)[C@@H](O)CC1=O)[C@H](C)C[C@@H]2OC,pimecrolimus
557,24847863,KASDHRXLYQOAKZ-CBSCZDGASA-N,CC[C@@H]1/C=C(\C)C[C@H](C)C[C@H](OC)[C@H]2O[C@@](O)(C(=O)C(=O)N3CCCC[C@H]3C(=O)O[C@H](/C(C)=C/C3CC[C@H](Cl)[C@H](OC)C3)[C@H](C)[C@@H](O)CC1=O)[C@H](C)C[C@@H]2OC,pimecrolimus
558,56841124,YYAZJTUGSQOFHG-IAVNQIGZSA-N,CCC(=O)O[C@]1(C(=O)SCF)[C@H](C)C[C@H]2[C@@H]3C[C@H](F)C4=CC(=O)C=C[C@]4(C)C3(F)[C@@H](O)C[C@@]21C.OCc1cc(C(O)CNCCCCCCOCCCCc2ccccc2)ccc1O,fluticasone/salmeterol
559,3085017,ZNSIZMQNQCNRBW-UHFFFAOYSA-N,C=CCN.ClCC1CO1,sevelamer
560,3086257,GPVSXPYOJDJYKH-UHFFFAOYSA-N,CCc1c(C)c2cc3nc(cc4nc(cc5[nH]c(cc1[nH]2)c(C)c5C(C)O)C(C)=C4CCC(=O)O)C(CCC(=O)O)=C3C.[Na+],Photofrin
561,5288169,VTERBIYJBWDXDT-SCSAIBSYSA-N,O=CC[C@@H](O)C=O,2-hydroxysuccinaldehyde
562,5460193,YOZNUFWCRFCGIH-WZHZPDAFSA-M,CC1=C2N=C(C=C3N=C(C(C)=C4N[C@@](C)([C@@H]5N=C1[C@](C)(CCC(O)=NC[C@@H](C)OP(=O)(O)O[C@@H]1[C@@H](CO)O[C@H]([n+]6c[nH]c7cc(C)c(C)cc76)[C@@H]1O)[C@H]5CC(=N)O)[C@@](C)(CC(=N)O)[C@@H]4CCC(=N)O)[C@@](C)(CC(=N)O)[C@@H]3CCC(=N)[O-])C(C)(C)[C@@H]2CCC(=N)[O-].O.[Co+3],hydroxocobalamin
563,4517618,KXHDMMFHTQZSJL-UHFFFAOYSA-N,[Na+].[O]N[O],sodium
564,5311000,FJXOGVLKCZQRDN-PHCHRAKRSA-N,C[C@@H]1C[C@H]2[C@H]3[C@H]([C@@H](O)C[C@]2(C)[C@@]1(O)C(=O)CO)[C@@]1(C)C=CC(=O)C=C1C[C@H]3Cl,alclometasone
565,5277135,JUZYLCPPVHEVSV-LJQANCHMSA-N,COc1cc2c(cc1Cc1cccc(Cl)c1F)c(=O)c(C(=O)O)cn2[C@H](CO)C(C)C,elvitegravir
566,5310993,DJQOOSBJCLSSEY-UHFFFAOYSA-N,Cc1cnc(C(=O)O)c[n+]1[O-],acipimox
567,5311167,LEHFPXVYPMWYQD-XHIJKXOTSA-N,C[C@H]1C[C@H]2[C@@H]3C[C@H](F)C4=CC(=O)C=C[C@]4(C)[C@@]3(F)[C@@H](O)C[C@]2(C)[C@@]1(O)C(=O)CCl,halobetasol
568,5327147,ISGUIIHZEJGUGQ-UHFFFAOYSA-N,COCCOCCOCCOCCOCCOCCOCCOCCOCCOCCOCCOCCOCCOCCOCCOCCOCCOCCOCCOCCOCCOCCOCCOCCOCCOCCOCCO,polyoxyethylene
569,5360237,IYVFNTXFRYQLRP-UHFFFAOYSA-N,CC1OC(OCC2OC(Oc3c(-c4ccc(OCCO)c(OCCO)c4)oc4cc(OCCO)cc(O)c4c3=O)C(O)C(O)C2O)C(O)C(O)C1O,Paroven
570,5361917,IFGIYSGOEZJNBE-KNLJMPJLSA-N,Br.C[N+]1(CC2CC2)CC[C@]23c4c5ccc([O-])c4O[C@H]2C(=O)CC[C@@]3(O)[C@H]1C5,methylnaltrexone
571,5488547,USPVLEIQIUNQGE-DBFLIVQGSA-N,C[C@H]1CN(C[C@H](Cc2ccccc2)C(O)=NCC(=O)O)CC[C@@]1(C)c1cccc(O)c1.O.O,alvimopan
572,9916860,GFSPKZNFROVOEB-UHFFFAOYSA-N,O=C(O)CN1CCN(CC(=O)O)CCN(C(CO)C(O)CO)CCN(CC(=O)O)CC1.[Gd],gadobutrol
573,6326970,BUGBHKTXTAQXES-UHFFFAOYSA-N,[Se],selenium
574,6328144,HCWPIIXVSYCSAN-UHFFFAOYSA-N,[Ra],radium
575,6328526,KPQJSIJSVGOGKZ-UHFFFAOYSA-N,O=C(O)CN(CCN(CC(=O)O)CC(=O)O)CCN(CC(=O)O)CC(=O)O.[In],AC1O3HA7
576,6433082,LZYXPFZBAZTOCH-UHFFFAOYSA-N,CCCCCCOC(=O)CCC(=O)CN.Cl,hexaminolevulinate
577,9868491,WSNODXPBBALQOF-VEJSHDCNSA-N,CC(C)OC(=O)CCC/C=C\C[C@H]1[C@@H](O)C[C@@H](O)[C@@H]1/C=C/C(F)(F)COc1ccccc1,tafluprost
578,6918554,QZZUEBNBZAPZLX-QFIPXVFZSA-N,CCc1cc2c(cc1CC)CC(NC[C@H](O)c1ccc(O)c3nc(O)ccc13)C2,indacaterol
579,6435110,SPBDXSGPUHCETR-VHJJIYNUSA-N,CCC(C)[C@H]1O[C@]2(CC[C@@H]1C)CC1C[C@@H](C/C=C(\C)[C@@H](O[C@H]3C[C@H](OC)[C@@H](OC4C[C@H](OC)[C@@H](O)[C@H](C)O4)[C@H](C)O3)[C@@H](C)/C=C/C=C3\CO[C@@H]4[C@H](O)C(C)=C[C@@H](C(=O)O1)[C@]34O)O2.CO[C@H]1CC(O[C@H]2[C@H](C)O[C@@H](O[C@@H]3/C(C)=C/C[C@@H]4CC(C[C@]5(CC[C@H](C)[C@@H](C(C)C)O5)O4)OC(=O)[C@@H]4C=C(C)[C@@H](O)[C@H]5OC/C(=C\C=C\[C@@H]3C)[C@@]45O)C[C@@H]2OC)O[C@@H](C)[C@@H]1O,ivermectin
580,6452749,CVUQAAZGOGWDCF-SAPBVRDASA-N,C[C@@H]1C[C@H]2[C@@H]3C[C@H](F)C4=CC(=O)C=C[C@]4(C)C3(F)[C@@H](O)C[C@]2(C)[C@@]1(O)C(=O)COC(=O)C(C)(C)C.Oc1c(I)cc(Cl)c2cccnc12,Locorten
581,6453361,NXNFSFOCVGWVMN-RYUPKEJBSA-N,[249Cf].[249Cf].[O-2].[O-2].[O-2],Sativex
582,6850789,MSBRDSHNKSLACK-SWKHMZSWSA-N,OC[C@H]1O[C@H](O[C@]2(CO)O[C@H](CO)[C@@H](O)[C@@H]2O)[C@H](O)[C@@H](O)[C@@H]1O.[Fe+3].[Fe+3].[O-2].[O-2].[O-2],iron
583,6918313,RPZBRGFNBNQSOP-UHFFFAOYSA-N,Cl.N#Cc1ccc2[nH]cc(CCCCN3CCN(c4ccc5oc(C(=N)O)cc5c4)CC3)c2c1,vilazodone
584,6918456,DTGLZDAWLRGWQN-UHFFFAOYSA-N,CC(=O)Oc1cc2c(s1)CCN(C(C(=O)C1CC1)c1ccccc1F)C2,prasugrel
585,6918584,KMGKABOMYQLLDJ-VKHHSAQNSA-F,O=C([O-])CCSC[C@H]1O[C@@H]2O[C@@H]3[C@@H](CSCCC(=O)[O-])O[C@H](O[C@@H]4[C@@H](CSCCC(=O)[O-])O[C@H](O[C@@H]5[C@@H](CSCCC(=O)[O-])O[C@H](O[C@@H]6[C@@H](CSCCC(=O)[O-])O[C@H](O[C@@H]7[C@@H](CSCCC(=O)[O-])O[C@H](O[C@@H]8[C@@H](CSCCC(=O)[O-])O[C@H](O[C@@H]9[C@@H](CSCCC(=O)[O-])O[C@H](O[C@H]1[C@H](O)[C@H]2O)[C@H](O)[C@H]9O)[C@H](O)[C@H]8O)[C@H](O)[C@H]7O)[C@H](O)[C@H]6O)[C@H](O)[C@H]5O)[C@H](O)[C@H]4O)[C@H](O)[C@H]3O.[Na+].[Na+].[Na+].[Na+].[Na+].[Na+].[Na+].[Na+],sugammadex
586,6918670,VDJHFHXMUKFKET-WDUFCVPESA-N,C/C=C(/C)C(=O)O[C@H]1C(C)=C[C@]23C(=O)[C@@H](C=C(CO)[C@@H](O)[C@]12O)[C@H]1[C@@H](C[C@H]3C)C1(C)C,PEP005
587,11504294,VGDGWRKEAOZJDN-GCQRLXCUSA-N,COc1ccc(CC(C)(C)NC[C@H](O)c2cc(O)cc3c2OCC(O)=N3)cc1.O=C(O)/C=C/C(=O)O,olodaterol
588,9815560,XRZWVSXEDRYQGC-UHFFFAOYSA-N,O=C(O)C1CC(C2CCCCC2)CN1,trans
589,9831783,OTVUCEMFRGJEMR-FTXVUGNJSA-N,CCN(CC)C(=O)/C(C#N)=C/c1cc(O)c(O)c([N+](=O)[O-])c1.C[C@@](Cc1ccc(O)c(O)c1)(NN)C(=O)O.N[C@@H](Cc1ccc(O)c(O)c1)C(=O)O,Stalevo
590,9854489,XTULMSXFIHGYFS-VLSRWLAYSA-N,C[C@@H]1C[C@H]2[C@@H]3C[C@H](F)C4=CC(=O)C=C[C@]4(C)[C@@]3(F)[C@@H](O)C[C@]2(C)[C@@]1(OC(=O)c1ccco1)C(=O)SCF,fluticasone
591,9871419,OEKWJQXRCDYSHL-FNOIDJSQSA-N,CCCSc1nc(N[C@@H]2C[C@H]2c2ccc(F)c(F)c2)c2nnn([C@@H]3C[C@H](OCCO)[C@@H](O)[C@H]3O)c2n1,ticagrelor
592,9898619,XXXSJQLZVNKRKX-YQRDHHIGSA-N,CC(C)[C@@H]1N=C(O)[C@H](CCCCN)N=C(O)[C@@H](Cc2c[nH]c3ccccc23)N=C(O)[C@H](Cc2ccc(O)cc2)N=C(O)[C@H](Cc2ccccc2)N(C)C(=O)[C@H](CCSCC(O)=NC[C@H](N)C(O)=N[C@@H](CCCCN)C(O)=N[C@@H](CS)C(O)=N[C@@H](CCCCN)C(=N)O)N=C1O,Depreotide
593,11561674,IMOZEMNVLZVGJZ-QGZVFWFLSA-N,CCOc1cc([C@@H](CS(C)(=O)=O)N2C(=O)c3cccc(N=C(C)O)c3C2=O)ccc1OC,apremilast
594,9924495,PRMWGUBFXWROHD-UHFFFAOYSA-N,N#Cc1ccccc1-c1cc(-c2ccccn2)cn(-c2ccccc2)c1=O,perampanel
595,9930048,JMHYCBFEEFHTMK-IIUXMCBISA-N,COc1ccc(CCO[C@@H]2CCCC[C@H]2N2CC[C@@H](O)C2)cc1OC.Cl,vernakalant
596,9966051,YQNWZWMKLDQSAC-UHFFFAOYSA-N,Cc1ccc(Sc2ccccc2N2CCNCC2)c(C)c1,Lu
597,10077129,NQRYCIGCIAWEIC-CKLVGUEFSA-N,CCOC(O)=N[C@@H]1CC[C@@H]2[C@@H](C1)C[C@H]1C(=O)O[C@H](C)[C@H]1[C@H]2/C=C/c1ccc(-c2cccc(F)c2)cn1.O=S(=O)(O)O,vorapaxar
598,10096344,LTXREWYXXSTFRX-QGZVFWFLSA-N,CC#CCn1c(N2CCC[C@@H](N)C2)nc2c1c(=O)n(Cc1nc(C)c3ccccc3n1)c(=O)n2C,linagliptin
599,15950376,VVECGOCJFKTUAX-HUYCHCPVSA-N,CNc1ccc(-c2nc3ccc(O)cc3s2)cc1[18F],18F-flutemetamol
600,10178705,QFFGVLORLPOAEC-SNVBAGLBSA-N,N[C@@H]1CCCCN(c2c(F)cc3c(=O)c(C(=O)O)cn(C4CC4)c3c2Cl)C1,besifloxacin
601,11658859,NBENLXSMFWRJRU-JZGIKJSDSA-N,C[C@H]1CNCCc2ccc(Cl)cc21.Cl.O,lorcaserin
602,11001318,TXEIIPDJKFWEEC-UHFFFAOYSA-N,O=C(O)c1ccc2nc(-c3cc(Cl)cc(Cl)c3)oc2c1,tafamidis
603,11020241,PJSRTSKCDJWKPT-RXSVEWSESA-L,O=C1O[C@H]([C@@H](O)CO)C([O-])=C1[O-].[Ca+2],ascorbate
604,11467166,XLAKJQPTOJHYDR-UHFFFAOYSA-M,O=C(OC1C[N+]2(CCCOc3ccccc3)CCC1CC2)C(O)(c1cccs1)c1cccs1.[Br-],aclidinium
605,11243969,QGJUIPDUBHWZPV-SGTAVMJGSA-N,N#C[C@@H]1C[C@@H]2C[C@@H]2N1C(=O)[C@@H](N)C12CC3CC(CC(O)(C3)C1)C2,Saxagliptin
606,11254352,PKNUOQOQWGOWBO-ZBHRUSISSA-N,O=C(O)[C@H](O)[C@@H](O)[C@H](O)[C@H](O)CO.[Fe+3].[Na+],sodium
607,11304743,WXXSNCNJFUAIDG-UHFFFAOYSA-N,COC(=O)N(C)c1c(N)nc(-c2nn(Cc3ccccc3F)c3ncccc23)[nH]c1=N,riociguat
608,11499245,LFQDNHWZDQTITF-UHFFFAOYSA-N,OB1OCc2cc(F)ccc21,AN2690
609,11501341,NCWZOASIUQVOFA-FWZJPQCDSA-N,CNc1ccc(/C=C/c2ccc(OCCOCCOCC[18F])cc2)cc1,florbetaben
610,11519069,PEJHHXHHNGORMP-UHFFFAOYSA-M,OC(c1ccccc1)(c1ccccc1)C12CC[N+](CCOCc3ccccc3)(CC1)CC2.[Br-],umeclidinium
611,23652731,FJZZPCZKBUKGGU-AUSIDOKSSA-N,CCCCCCCC(O)=N[C@H](CN1CCCC1)[C@H](O)c1ccc2c(c1)OCCO2,eliglustat
612,11593706,PADGNZFOVSZIKZ-UHFFFAOYSA-N,C=CCN.ClCC1CO1.O=C(O)O,sevelamer
613,11672461,XGOSYNSWSRUASG-SSMZTGFVSA-H,O=C([O-])CN(CCN(CC(=O)[O-])C[C@H](COP(=O)([O-])OC1CCC(c2ccccc2)(c2ccccc2)CC1)N(CC(=O)[O-])CC(=O)[O-])CC(=O)[O-].[Gd+3].[Na+].[Na+].[Na+],gadofosveset
614,17754356,JFLRKDZMHNBDQS-SGSTVUCESA-N,CC[C@H]1CCC[C@H](O[C@H]2CC[C@H](N(C)C)[C@@H](C)O2)[C@@H](C)C(=O)C2=C[C@@H]3[C@@H](C=C[C@@H]4C[C@@H](O[C@@H]5O[C@@H](C)[C@H](OC)[C@@H](OC)[C@H]5OC)C[C@@H]34)[C@@H]2CC(=O)O1.CC[C@H]1CCC[C@H](O[C@H]2CC[C@H](N(C)C)[C@@H](C)O2)[C@@H](C)C(=O)C2=C[C@H]3[C@@H]4C[C@H](O[C@@H]5O[C@@H](C)[C@H](OC)[C@@H](OC)[C@H]5OC)C[C@H]4C(C)=C[C@H]3[C@@H]2CC(=O)O1,spinosad
615,11947681,UIBVHZWNUQLZQQ-UHFFFAOYSA-N,[C-]#N.[C-]#N.[C-]#N.[C-]#N.[C-]#N.[Fe].[N-]=O,nitroprusside
616,11949646,OBWASQILIWPZMG-QZMOQZSNSA-N,OC[C@H]1O[C@@H](c2ccc(Cl)c(Cc3ccc(O[C@H]4CCOC4)cc3)c2)[C@H](O)[C@@H](O)[C@@H]1O,empagliflozin
617,11979316,JLTCWSBVQSZVLT-UHFFFAOYSA-N,N=C(O)CCC1N=C(O)C(Cc2ccccc2)N=C(O)C(Cc2ccc(O)cc2)N=C(O)C(N)CSSCC(C(=O)N2CCCC2C(O)=NC(CCCCN)C(O)=NCC(=N)O)N=C(O)C(CC(=N)O)N=C1O.N=C(O)CCC1N=C(O)C(Cc2ccccc2)N=C(O)C(Cc2ccc(O)cc2)N=C(O)C(N)CSSCC(C(=O)N2CCCC2C(O)=NC(CCCNC(=N)N)C(O)=NCC(=N)O)N=C(O)C(CC(=N)O)N=C1O,vasopressin
618,13559281,HKDLNTKNLJPAIY-WKWWZUSTSA-N,CC(=O)[C@@]1(O)CC[C@H]2[C@@H]3CCC4=CC(=O)CCC4=C3[C@@H](c3ccc(N(C)C)cc3)C[C@@]21C,ulipristal
619,15951529,WXCXUHSOUPDCQV-UHFFFAOYSA-N,CN=C(O)c1ccc(N2C(=S)N(c3ccc(C#N)c(C(F)(F)F)c3)C(=O)C2(C)C)cc1F,MDV3100
620,24821094,XYFPWWZEPKGCCK-GOSISDBHSA-N,C=CC(=O)N1CCC[C@@H](n2nc(-c3ccc(Oc4ccccc4)cc3)c3c(N)ncnc32)C1,PCI-32765
621,16129616,BBBFJLBPOGFECG-UHFFFAOYSA-N,CC(C)CC(N=C(O)C(CCCCN)N=C(O)CN=C(O)C(CC(C)C)N=C(O)C(N=C(O)C1CSSCC(N)C(O)=NC(CO)C(O)=NC(CC(=N)O)C(O)=NC(CC(C)C)C(O)=NC(CO)C(O)=NC(C(C)O)C(O)=N1)C(C)C)C(O)=NC(CO)C(O)=NC(CCC(=N)O)C(O)=NC(CCC(=O)O)C(O)=NC(CC(C)C)C(O)=NC(Cc1cnc[nH]1)C(O)=NC(CCCCN)C(O)=NC(CC(C)C)C(O)=NC(CCC(=N)O)C(O)=NC(C(O)=NC(Cc1ccc(O)cc1)C(=O)N1CCCC1C(O)=NC(CCCNC(=N)N)C(O)=NC(C(O)=NC(CC(=N)O)C(O)=NC(C(O)=NCC(O)=NC(CO)C(O)=NCC(O)=NC(C(=O)N1CCCC1C(=N)O)C(C)O)C(C)O)C(C)O)C(C)O,salmon
622,16129674,ZOEFCCMDUURGSE-CQVUSSRSSA-N,CSCC[C@H](N=C(O)[C@H](CO)N=C(O)[C@H](Cc1ccc(O)cc1)N=C(O)C(N)CO)C(O)=N[C@@H](CCC(=O)O)C(O)=N[C@@H](Cc1cnc[nH]1)C(O)=N[C@@H](Cc1ccccc1)C(O)=N[C@@H](CCCNC(=N)N)C(O)=N[C@@H](Cc1c[nH]c2ccccc12)C(O)=NCC(O)=N[C@@H](CCCCN)C(=O)N1CCC[C@H]1C(O)=N[C@H](C(O)=NCC(O)=N[C@H](CCCCN)C(O)=N[C@H](CCCCN)C(O)=N[C@H](CCCNC(=N)N)C(O)=N[C@H](CCCNC(=N)N)C(=O)N1CCC[C@H]1C(O)=N[C@H](C(O)=N[C@@H](CCCCN)C(O)=N[C@H](C(O)=N[C@@H](Cc1ccc(O)cc1)C(=O)N1CCC[C@H]1C(=O)O)C(C)C)C(C)C)C(C)C,cosyntropin
623,16133802,ZOEFCCMDUURGSE-SQKVDDBVSA-N,CSCC[C@H](N=C(O)[C@H](CO)N=C(O)[C@H](Cc1ccc(O)cc1)N=C(O)[C@@H](N)CO)C(O)=N[C@@H](CCC(=O)O)C(O)=N[C@@H](Cc1cnc[nH]1)C(O)=N[C@@H](Cc1ccccc1)C(O)=N[C@@H](CCCNC(=N)N)C(O)=N[C@@H](Cc1c[nH]c2ccccc12)C(O)=NCC(O)=N[C@@H](CCCCN)C(=O)N1CCC[C@H]1C(O)=N[C@H](C(O)=NCC(O)=N[C@@H](CCCCN)C(O)=N[C@@H](CCCCN)C(O)=N[C@@H](CCCNC(=N)N)C(O)=N[C@@H](CCCNC(=N)N)C(=O)N1CCC[C@H]1C(O)=N[C@H](C(O)=N[C@@H](CCCCN)C(O)=N[C@H](C(O)=N[C@@H](Cc1ccc(O)cc1)C(=O)N1CCC[C@H]1C(=O)O)C(C)C)C(C)C)C(C)C,cosyntropin
624,16129665,KKNIUBFRGPFELP-UHFFFAOYSA-N,CC(C)CC(N=C(O)CN=C(O)C(CCC(=N)O)N=C(O)C(CC(C)C)N=C(O)C(CC(C)C)N=C(O)C(CCCNC(=N)N)N=C(O)C(CCC(=N)O)N=C(O)C(CC(C)C)N=C(O)C(CCCNC(=N)N)N=C(O)C(C)N=C(O)C(CO)N=C(O)C(CC(=O)O)N=C(O)C(CCCNC(=N)N)N=C(O)C(CC(C)C)N=C(O)C(CCCNC(=N)N)N=C(O)C(CO)N=C(O)C(CC(C)C)N=C(O)C(CCC(=O)O)N=C(O)C(CO)N=C(O)C(N=C(O)C(Cc1ccccc1)N=C(O)C(N=C(O)CN=C(O)C(CC(=O)O)N=C(O)C(CO)N=C(O)C(N)Cc1ncc[nH]1)C(C)O)C(C)O)C(O)=NC(C(=O)O)C(C)C,Vitrum
625,16129682,OGBMKVWORPGQRR-UHFFFAOYSA-N,CCC(C)C(N=C(O)C(CCC(=O)O)N=C(O)C(CO)N=C(O)C(N=C(O)C(N)CO)C(C)C)C(O)=NC(CCC(=N)O)C(O)=NC(CC(C)C)C(O)=NC(CCSC)C(O)=NC(Cc1cnc[nH]1)C(O)=NC(CC(=N)O)C(O)=NC(CC(C)C)C(O)=NCC(O)=NC(CCCCN)C(O)=NC(Cc1cnc[nH]1)C(O)=NC(CC(C)C)C(O)=NC(CC(=N)O)C(O)=NC(CO)C(O)=NC(CCSC)C(O)=NC(CCC(=O)O)C(O)=NC(CCCNC(=N)N)C(O)=NC(C(O)=NC(CCC(=O)O)C(O)=NC(Cc1c[nH]c2ccccc12)C(O)=NC(CC(C)C)C(O)=NC(CCCNC(=N)N)C(O)=NC(CCCCN)C(O)=NC(CCCCN)C(O)=NC(CC(C)C)C(O)=NC(CCC(=N)O)C(O)=NC(CC(=O)O)C(O)=NC(C(O)=NC(Cc1cnc[nH]1)C(O)=NC(CC(=N)O)C(O)=NC(Cc1ccccc1)C(=O)O)C(C)C)C(C)C,Forteo
626,16129704,OIRCOABEOLEUMC-GEJPAHFPSA-N,CC[C@H](C)[C@H](N=C(O)[C@H](CCC(=O)O)N=C(O)[C@H](CCC(=O)O)N=C(O)[C@H](Cc1ccccc1)N=C(O)[C@H](CC(=O)O)N=C(O)CN=C(O)[C@H](CC(=N)O)N=C(O)CN=C(O)CN=C(O)CN=C(O)CN=C(O)[C@@H]1CCCN1C(=O)[C@H](CCCNC(=N)N)N=C(O)[C@@H]1CCCN1C(=O)[C@H](N)Cc1ccccc1)C(=O)N1CCC[C@H]1C(O)=N[C@@H](CCC(=O)O)C(O)=N[C@@H](CCC(=O)O)C(O)=N[C@@H](Cc1ccc(O)cc1)C(O)=N[C@@H](CC(C)C)C(=O)O,Bivalirudin
627,16130965,OVBICQMTCPFEBS-HYVLHXRFSA-N,CC(=O)O.CC(=O)O.CCN=C(NCC)NCCCC[C@H](N=C(O)[C@H](CC(C)C)N=C(O)[C@@H](CCCCNC(=NCC)NCC)N=C(O)[C@@H](Cc1ccc(O)cc1)N=C(O)[C@@H](CO)N=C(O)[C@H](Cc1cccnc1)N=C(O)[C@H](Cc1ccc(Cl)cc1)N=C(O)C(Cc1ccc2ccccc2c1)N=C(C)O)C(=O)N1CCCC1C(O)=N[C@H](C)C(=N)O,Org
628,16131215,AIWRTTMUVOZGPW-HSPKUQOVSA-N,CC(O)=N[C@H](Cc1ccc2ccccc2c1)C(O)=N[C@H](Cc1ccc(Cl)cc1)C(O)=N[C@H](Cc1cccnc1)C(O)=N[C@@H](CO)C(=O)N(C)[C@@H](Cc1ccc(O)cc1)C(O)=N[C@H](CC(=N)O)C(O)=N[C@@H](CC(C)C)C(O)=N[C@@H](CCCCNC(C)C)C(=O)N1CCC[C@H]1C(O)=N[C@H](C)C(=N)O,Abarelix
629,16132283,MASNOZXLGMXCHN-ZLPAWPGGSA-N,CSCC[C@H](N=C(O)[C@H](CC(C)C)N=C(O)[C@H](Cc1c[nH]c2ccccc12)N=C(O)[C@H](CCC(=N)O)N=C(O)[C@@H](N=C(O)[C@H](Cc1ccccc1)N=C(O)[C@H](CC(=O)O)N=C(O)[C@H](CCC(=N)O)N=C(O)[C@H](C)N=C(O)[C@H](CCCNC(=N)N)N=C(O)[C@H](CCCNC(=N)N)N=C(O)[C@H](CO)N=C(O)[C@H](CC(=O)O)N=C(O)[C@H](CC(C)C)N=C(O)[C@H](Cc1ccc(O)cc1)N=C(O)[C@H](CCCCN)N=C(O)[C@H](CO)N=C(O)[C@H](Cc1ccc(O)cc1)N=C(O)[C@H](CC(=O)O)N=C(O)[C@H](CO)N=C(O)[C@@H](N=C(O)[C@H](Cc1ccccc1)N=C(O)[C@@H](N=C(O)CN=C(O)[C@H](CCC(=N)O)N=C(O)[C@H](CO)N=C(O)[C@@H](N)Cc1cnc[nH]1)[C@@H](C)O)[C@@H](C)O)C(C)C)C(O)=N[C@@H](CC(=N)O)C(O)=N[C@H](C(=O)O)[C@@H](C)O,glucagon
630,16132446,NRKVKVQDUCJPIZ-MKAGXXMWSA-N,CC[C@H](C)[C@H](N=C(O)[C@@H]1CCCN1C(=O)CN=C(O)[C@H](Cc1ccccc1)N=C(O)[C@H](CC(=N)O)N=C(O)[C@H](CC(=N)O)N=C(O)[C@H](CO)N=C(O)[C@H](CO)N=C(O)[C@H](Cc1cnc[nH]1)N=C(O)[C@@H](N=C(O)[C@H](CC(C)C)N=C(O)[C@H](Cc1ccccc1)N=C(O)[C@H](CC(=N)O)N=C(O)[C@H](C)N=C(O)[C@H](CC(C)C)N=C(O)[C@H](CCCNC(=N)N)N=C(O)[C@H](CCC(=N)O)N=C(O)[C@@H](N=C(O)[C@H](C)N=C(O)[C@H](CS)N=C(O)[C@@H](N=C(O)[C@H](C)N=C(O)[C@@H](N=C(O)[C@H](CC(=N)O)N=C(O)[C@H](CS)N=C(O)[C@@H](N)CCCCN)[C@@H](C)O)[C@@H](C)O)[C@@H](C)O)C(C)C)C(O)=N[C@@H](CC(C)C)C(=O)N1CCC[C@H]1C(=O)N1CCC[C@H]1C(O)=N[C@H](C(O)=N[C@@H](CC(=N)O)C(O)=N[C@H](C(O)=NCC(O)=N[C@@H](CO)C(O)=N[C@@H](CC(=N)O)C(O)=N[C@H](C(O)=N[C@@H](Cc1ccc(O)cc1)C(=N)O)[C@@H](C)O)C(C)C)[C@@H](C)O,Symlin
631,16134956,YSDQQAXHVYUZIW-QCIJIYAXSA-N,CCCCCCCCCCCCCCCC(O)=N[C@@H](CCC(O)=NCCCC[C@H](N=C(O)[C@H](C)N=C(O)[C@H](C)N=C(O)[C@H](CCC(=N)O)N=C(O)CN=C(O)[C@H](CCC(=O)O)N=C(O)[C@H](CC(C)C)N=C(O)[C@H](Cc1ccc(O)cc1)N=C(O)[C@H](CO)N=C(O)[C@H](CO)N=C(O)[C@@H](N=C(O)[C@H](CC(=O)O)N=C(O)[C@H](CO)N=C(O)[C@@H](N=C(O)[C@H](Cc1ccccc1)N=C(O)[C@@H](N=C(O)CN=C(O)[C@H](CCC(=O)O)N=C(O)[C@H](C)N=C(O)[C@@H](N)Cc1cnc[nH]1)[C@@H](C)O)[C@@H](C)O)C(C)C)C(O)=N[C@@H](CCC(=O)O)C(O)=N[C@@H](Cc1ccccc1)C(O)=N[C@H](C(O)=N[C@@H](C)C(O)=N[C@@H](Cc1c[nH]c2ccccc12)C(O)=N[C@@H](CC(C)C)C(O)=N[C@H](C(O)=N[C@@H](CCCNC(=N)N)C(O)=NCC(O)=N[C@@H](CCCNC(=N)N)C(O)=NCC(=O)O)C(C)C)[C@@H](C)CC)C(=O)O,liraglutide
632,16157882,HTQBXNHDCUEHJF-XWLPCZSASA-N,CC[C@H](C)[C@H](N=C(O)[C@H](Cc1ccccc1)N=C(O)[C@H](CC(C)C)N=C(O)[C@H](CCCNC(=N)N)N=C(O)[C@@H](N=C(O)[C@H](C)N=C(O)[C@H](CCC(=O)O)N=C(O)[C@H](CCC(=O)O)N=C(O)[C@H](CCC(=O)O)N=C(O)[C@H](CCSC)N=C(O)[C@H](CCC(=N)O)N=C(O)[C@H](CCCCN)N=C(O)[C@H](CO)N=C(O)[C@H](CC(C)C)N=C(O)[C@H](CC(=O)O)N=C(O)[C@H](CO)N=C(O)[C@@H](N=C(O)[C@H](Cc1ccccc1)N=C(O)[C@@H](N=C(O)CN=C(O)[C@H](CCC(=O)O)N=C(O)CN=C(O)[C@@H](N)Cc1cnc[nH]1)[C@@H](C)O)[C@@H](C)O)C(C)C)C(O)=N[C@@H](CCC(=O)O)C(O)=N[C@@H](Cc1c[nH]c2ccccc12)C(O)=N[C@@H](CC(C)C)C(O)=N[C@@H](CCCCN)C(O)=N[C@@H](CC(=N)O)C(O)=NCC(O)=NCC(=O)N1CCC[C@H]1C(O)=N[C@@H](CO)C(O)=N[C@@H](CO)C(O)=NCC(O)=N[C@@H](C)C(=O)N1CCC[C@H]1C(=O)N1CCC[C@H]1C(=O)N1CCC[C@H]1C(O)=N[C@@H](CO)C(=N)O,exenatide
633,71306891,OWMZNFCDEHGFEP-NFBCVYDUSA-N,CC(C)C[C@H](N=C(O)CN=C(O)[C@H](CCC(=N)O)N=C(O)[C@H](CC(C)C)N=C(O)[C@H](CC(C)C)N=C(O)[C@H](CCCNC(=N)N)N=C(O)[C@H](CCC(=N)O)N=C(O)[C@H](CC(C)C)N=C(O)[C@H](CCCNC(=N)N)N=C(O)[C@H](C)N=C(O)CN=C(O)[C@H](CCC(=O)O)N=C(O)[C@H](CCCNC(=N)N)N=C(O)[C@H](CC(C)C)N=C(O)[C@H](CCCNC(=N)N)N=C(O)[C@H](CO)N=C(O)[C@H](CC(C)C)N=C(O)[C@H](CCC(=O)O)N=C(O)[C@H](CO)N=C(O)[C@@H](N=C(O)[C@H](Cc1ccccc1)N=C(O)[C@@H](N=C(O)CN=C(O)[C@H](CC(=O)O)N=C(O)[C@H](CO)N=C(O)[C@@H](N)Cc1cnc[nH]1)[C@@H](C)O)[C@@H](C)O)C(O)=N[C@H](C(=N)O)C(C)C,o291
634,16213095,DNZMDASEFMLYBU-RNBXVSKKSA-N,OCCOC[C@H]1O[C@H](OCCO)[C@H](OCCO)[C@@H](OCCO)[C@@H]1OCCO.OC[C@H]1O[C@H](O)[C@H](O)[C@@H](O)[C@@H]1O,pentastarch
635,19371515,MWTBKTRZPHJQLH-UHFFFAOYSA-N,CN1CCC(=C2c3ccccc3CCn3c(C=O)cnc32)CC1,alcaftadine
636,25081014,KSFAMFKTRGJQKV-UDZSTSFQSA-N,CC[C@H](C)[C@@H]1N=C(O)[C@H](CCCNC(=N)N)N=C(O)[C@H](CC(=O)O)N=C(O)[C@H](CCSC)N=C(O)[C@H](CCCCN)N=C(O)[C@H](CCCNC(=N)N)N=C(O)CN=C(O)[C@H](Cc2ccccc2)N=C(O)[C@@H](N=C(O)CN=C(O)[C@H](CO)N=C(O)CN=C(O)[C@H](CCC(=N)O)N=C(O)[C@@H](N=C(O)[C@H](CCSC)N=C(O)[C@H](CCCCN)N=C(O)[C@@H]2CCCN2C(=O)[C@@H](N)CO)C(C)C)CSSC[C@@H](C(O)=N[C@@H](CCCCN)C(O)=N[C@H](C(O)=N[C@@H](CC(C)C)C(O)=N[C@@H](CCCNC(=N)N)C(O)=N[C@@H](CCCNC(=N)N)C(O)=N[C@@H](CC2C=NC=N2)C(=O)O)C(C)C)N=C(O)CN=C(O)[C@H](CC(C)C)N=C(O)CN=C(O)[C@H](CO)N=C(O)[C@H](CO)N=C(O)[C@H](CO)N=C(O)[C@H](CO)N=C1O,nesiritide
637,23689036,MKADDTFVKFMZGF-PUQAOBSFSA-N,[99Tc].[Na+].[O-].[O].[O].[O],pertechnetate
638,71306410,YPIMJBXEIGRISS-UHFFFAOYSA-N,CC(C)(C)NCC(O)COc1nsnc1N1CCOCC1.CCNC1CN(CCCOC)S(=O)(=O)c2sc(S(N)(=O)=O)cc21,Azarga
639,24812758,XTNGUQKDFGDXSJ-ZXGKGEBGSA-N,Cc1ccc([C@@H]2O[C@H](CO)[C@@H](O)[C@H](O)[C@H]2O)cc1Cc1ccc(-c2ccc(F)cc2)s1,canagliflozin
640,24822371,YNDIAUKFXKEXSV-CRYLGTRXSA-N,CNc1ccc(/C=C/c2ccc(OCCOCCOCC[18F])nc2)cc1,florbetapir
641,57396865,YNDIAUKFXKEXSV-NSCUHMNNSA-N,CNc1ccc(/C=C/c2ccc(OCCOCCOCCF)nc2)cc1,florbetapir
642,24838347,XDMAFFVEKKFBHG-UZKLXKKNSA-N,Cl.O=C(O)[C@H]1OC=C[C@@H](O)[C@@H]1O,glucagon
643,24846132,CWSZBVAUYPTXTG-UHFFFAOYSA-N,COC1C(CO)OC(OCC2OC(OC3C(CO)OC(C)C(O)C3O)C(O)C(O)C2OC2OC(CO)C(OC)C(O)C2OCCO)C(O)C1O,hetastarch
644,24965990,JYTNQNCOQXFQPK-MRXNPFEDSA-N,Cc1ccc(-n2nccn2)c(C(=O)N2CCN(c3nc4cc(Cl)ccc4o3)CC[C@H]2C)c1,suvorexant
645,25074886,QJPSZAPHZMUGOX-ANRVCLKPSA-N,CC(O)=N[C@H](Cc1ccc2ccccc2c1)C(O)=N[C@H](Cc1ccc(Cl)cc1)C(O)=N[C@H](Cc1cccnc1)C(O)=N[C@@H](CO)C(O)=N[C@@H](Cc1ccc(O)cc1)C(O)=N[C@H](CCCNC(=N)O)C(O)=N[C@@H](CC(C)C)C(O)=N[C@@H](CCCNC(=N)N)C(=O)N1CCC[C@H]1C(O)=N[C@H](C)C(=N)O.O=C(O)C(F)(F)F,cetrorelix
646,25077594,SBNPWPIBESPSIF-IYDAEGEOSA-N,CC(O)=N[C@H](Cc1ccc2ccccc2c1)C(O)=N[C@@H](Cc1ccc(Cl)cc1)C(O)=N[C@H](Cc1cccnc1)C(O)=N[C@H](CO)C(O)=N[C@H](Cc1ccc(O)cc1)C(O)=N[C@H](CCCNC(=N)O)C(O)=N[C@@H](CC(C)C)C(O)=N[C@@H](CCCNC(=N)N)C(=O)N1CCCC1C(O)=N[C@H](C)C(=N)O,cetrorelix
647,54675779,OWFJMIVZYSDULZ-PXOLEDIWSA-N,CN(C)[C@@H]1C(=O)C(C(=N)O)=C(O)[C@@]2(O)C(=O)C3=C(O)c4c(O)cccc4[C@@](C)(O)[C@H]3[C@H](O)[C@@H]12,oxytetracycline
648,53477714,WKPUACLQLIIVJJ-RHKLHVFKSA-M,CO[C@@H]1O[C@@H](COS(=O)(=O)O)[C@H](O[C@@H]2O[C@H](C(=O)[O-])[C@H](OC)[C@@H](O)[C@@H]2OS(=O)(=O)O)[C@@H]([O-])[C@@H]1NOS(=O)(=O)O,heparin
649,53627505,OKLJCUVZLNSGJI-UHFFFAOYSA-N,[CH2]CC=O,hydroxypropyl
